AE,2022-11-16,0,53.7,0.063,29.922731846295214,10.5,True,False,874.58685
AE,2022-11-16,1,53.8,0.043,29.884342868302337,10.7,True,False,852.6396
AE,2022-11-16,2,54.9,0.106,29.884342868302337,7.2,False,False,839.03314
AE,2022-11-16,3,55.5,0.094,29.84595389030946,13.2,False,False,836.2532
AE,2022-11-16,4,56.1,0.004,29.837094895388027,10.3,False,False,827.06586
AE,2022-11-16,5,56.3,0.012,29.851859886923748,3.0,False,False,865.93207
AE,2022-11-16,6,56.0,0.004,29.851859886923748,10.7,False,False,963.27325
AE,2022-11-16,7,52.6,0.0,29.87843687168805,15.9,False,False,1004.8316
AE,2022-11-16,8,49.7,0.0,29.907966854759493,15.1,False,False,1007.5249
AE,2022-11-16,9,49.3,0.0,29.910919853066638,15.2,False,False,1019.31415
AE,2022-11-16,10,49.6,0.0,29.91387285137378,16.3,False,False,1025.0818
AE,2022-11-16,11,51.6,0.0,29.91682584968093,17.2,False,False,1000.8595
AE,2022-11-16,12,51.9,0.0,29.905013856452353,15.5,False,False,979.7831
AE,2022-11-16,13,51.1,0.0,29.896154861530917,14.8,False,False,981.3613
AE,2022-11-16,14,50.7,0.0,29.89024886491663,13.9,False,False,1002.3386
AE,2022-11-16,15,49.3,0.0,29.896154861530917,13.5,False,False,1062.6349
AE,2022-11-16,16,47.3,0.0,29.907966854759493,11.5,False,False,1163.6179
AE,2022-11-16,17,45.5,0.0,29.919778847988074,8.6,False,False,1232.7074
AE,2022-11-16,18,43.4,0.0,29.940449836138082,10.0,False,False,1286.715
AE,2022-11-16,19,41.5,0.0,29.95816782598095,8.8,False,False,1229.9297
AE,2022-11-16,20,39.9,0.0,29.95816782598095,7.8,False,False,1223.9879
AE,2022-11-16,21,39.0,0.0,29.961120824288095,8.6,False,False,1140.9719
AE,2022-11-16,22,38.4,0.0,29.961120824288095,8.6,False,False,1067.776
AE,2022-11-16,23,37.4,0.0,29.95226182936666,8.8,False,False,1029.2395
AEP,2022-11-16,0,41.3,0.004,29.28783721025915,4.6,False,False,12952.991
AEP,2022-11-16,1,41.6,0.012,29.29964920348773,9.8,False,False,12750.552
AEP,2022-11-16,2,39.9,0.008,29.317367193330593,10.8,False,False,12913.989
AEP,2022-11-16,3,39.1,0.004,29.323273189944885,8.1,False,False,13020.6
AEP,2022-11-16,4,37.8,0.0,29.32622618825203,10.8,False,False,13525.746
AEP,2022-11-16,5,36.2,0.0,29.338038181480606,8.5,False,False,14546.974
AEP,2022-11-16,6,35.5,0.0,29.34099117978775,6.4,False,False,15866.521
AEP,2022-11-16,7,35.6,0.0,29.355756171323474,6.0,False,False,16328.19
AEP,2022-11-16,8,34.7,0.008,29.36756816455205,5.3,False,False,16529.102
AEP,2022-11-16,9,34.9,0.008,29.382333156087775,6.8,False,False,16287.645
AEP,2022-11-16,10,35.0,0.0,29.379380157780627,6.9,False,False,16400.744
AEP,2022-11-16,11,36.6,0.004,29.376427159473483,9.0,False,False,15952.919
AEP,2022-11-16,12,37.4,0.0,29.36756816455205,10.8,False,False,16088.245
AEP,2022-11-16,13,36.9,0.0,29.343944178094898,9.6,False,False,15894.76
AEP,2022-11-16,14,37.4,0.0,29.329179186559173,9.0,False,False,15748.331
AEP,2022-11-16,15,35.5,0.012,29.323273189944885,8.8,False,False,15621.179
AEP,2022-11-16,16,36.8,0.0,29.323273189944885,7.9,False,False,15580.773
AEP,2022-11-16,17,35.9,0.0,29.32622618825203,6.3,False,False,16340.135
AEP,2022-11-16,18,35.1,0.004,29.332132184866314,8.2,False,False,16239.725
AEP,2022-11-16,19,34.3,0.0,29.338038181480606,8.7,False,False,16879.254
AEP,2022-11-16,20,33.6,0.008,29.33508518317346,8.5,False,False,16574.328
AEP,2022-11-16,21,32.9,0.008,29.332132184866314,11.2,False,False,16205.556
AEP,2022-11-16,22,31.5,0.0,29.338038181480606,11.2,False,False,15631.555
AEP,2022-11-16,23,31.4,0.0,29.338038181480606,10.5,False,False,15539.903
AP,2022-11-16,0,40.5,0.0,27.98851795511557,2.7,True,False,4938.0
AP,2022-11-16,1,40.5,0.004,27.994423951729857,4.4,True,False,4804.4795
AP,2022-11-16,2,40.4,0.02,28.00032994834415,3.0,True,False,4846.912
AP,2022-11-16,3,39.2,0.067,27.997376950037005,5.0,True,False,4994.666
AP,2022-11-16,4,38.5,0.075,27.997376950037005,5.9,True,False,5179.2607
AP,2022-11-16,5,37.8,0.075,27.997376950037005,6.1,True,False,5411.117
AP,2022-11-16,6,37.9,0.024,28.006235944958437,3.6,False,False,5933.813
AP,2022-11-16,7,36.9,0.028,28.023953934801302,7.8,False,False,6057.6206
AP,2022-11-16,8,35.2,0.008,28.038718926337026,7.9,False,False,6332.6245
AP,2022-11-16,9,33.6,0.024,28.044624922951318,8.4,False,False,6207.539
AP,2022-11-16,10,32.4,0.0,28.050530919565603,8.9,False,False,6353.6562
AP,2022-11-16,11,32.5,0.008,28.050530919565603,9.2,False,False,6342.352
AP,2022-11-16,12,31.5,0.004,28.035765928029882,7.6,False,False,6214.5176
AP,2022-11-16,13,31.6,0.004,28.023953934801302,8.3,False,False,6203.584
AP,2022-11-16,14,31.6,0.004,28.018047938187014,7.8,False,False,6144.1196
AP,2022-11-16,15,31.6,0.004,28.015094939879873,8.5,False,True,6127.83
AP,2022-11-16,16,31.3,0.004,28.00918894326558,8.3,False,True,6304.83
AP,2022-11-16,17,31.1,0.004,28.012141941572725,7.6,False,True,6416.563
AP,2022-11-16,18,30.7,0.02,28.021000936494158,7.0,False,False,6390.7656
AP,2022-11-16,19,30.2,0.008,28.023953934801302,6.7,False,False,6531.1875
AP,2022-11-16,20,30.2,0.0,28.021000936494158,3.1,False,False,6284.8193
AP,2022-11-16,21,29.8,0.008,28.018047938187014,2.7,False,False,6021.0513
AP,2022-11-16,22,28.5,0.0,28.012141941572725,5.1,False,False,5811.691
AP,2022-11-16,23,28.0,0.012,27.997376950037005,4.1,False,False,5708.4253
ATSI,2022-11-16,0,37.1,0.0,29.154952286437645,7.9,True,False,6854.142
ATSI,2022-11-16,1,37.1,0.0,29.146093291516213,8.1,False,False,6646.54
ATSI,2022-11-16,2,36.4,0.004,29.146093291516213,9.9,False,False,6614.905
ATSI,2022-11-16,3,36.0,0.004,29.151999288130504,9.9,False,False,6565.838
ATSI,2022-11-16,4,35.3,0.004,29.15790528474479,10.6,False,False,6660.3823
ATSI,2022-11-16,5,34.7,0.004,29.166764279666225,11.9,False,False,7046.163
ATSI,2022-11-16,6,33.5,0.0,29.172670276280513,12.6,False,False,7683.031
ATSI,2022-11-16,7,33.3,0.0,29.18152927120195,13.2,False,False,8149.247
ATSI,2022-11-16,8,32.6,0.0,29.19038826612338,13.2,False,False,8311.376
ATSI,2022-11-16,9,32.8,0.0,29.19038826612338,12.6,False,False,8542.974
ATSI,2022-11-16,10,34.0,0.0,29.193341264430526,13.5,False,False,8619.491
ATSI,2022-11-16,11,33.7,0.0,29.19629426273767,13.2,False,False,8546.554
ATSI,2022-11-16,12,34.4,0.0,29.187435267816237,13.8,False,False,8536.947
ATSI,2022-11-16,13,35.0,0.0,29.178576272894805,14.5,False,False,8440.156
ATSI,2022-11-16,14,34.3,0.0,29.178576272894805,12.3,False,False,8386.5625
ATSI,2022-11-16,15,34.4,0.0,29.175623274587657,12.9,False,False,8298.505
ATSI,2022-11-16,16,33.5,0.0,29.178576272894805,14.1,False,False,8291.318
ATSI,2022-11-16,17,33.2,0.0,29.178576272894805,11.1,False,False,8499.35
ATSI,2022-11-16,18,32.5,0.0,29.187435267816237,11.3,False,False,8495.247
ATSI,2022-11-16,19,31.8,0.0,29.19038826612338,11.0,False,False,8484.865
ATSI,2022-11-16,20,32.1,0.0,29.178576272894805,11.2,False,False,8308.669
ATSI,2022-11-16,21,31.8,0.0,29.16971727797337,12.2,False,False,7976.156
ATSI,2022-11-16,22,31.9,0.008,29.16381128135908,11.9,False,False,7582.079
ATSI,2022-11-16,23,32.0,0.004,29.151999288130504,13.0,False,False,7218.008
BC,2022-11-16,0,41.3,0.043,29.851859886923748,6.2,False,False,2817.1753
BC,2022-11-16,1,41.8,0.0,29.84004789369517,6.5,False,False,2612.3118
BC,2022-11-16,2,42.2,0.0,29.828235900466595,7.3,False,False,2611.1172
BC,2022-11-16,3,42.6,0.0,29.816423907238015,7.4,False,False,2594.4878
BC,2022-11-16,4,41.3,0.0,29.810517910623727,8.4,False,False,2799.5728
BC,2022-11-16,5,39.9,0.0,29.816423907238015,6.2,False,False,3052.8425
BC,2022-11-16,6,39.1,0.0,29.822329903852303,6.3,False,False,3457.087
BC,2022-11-16,7,39.2,0.0,29.83414189708088,7.8,False,False,3689.8923
BC,2022-11-16,8,40.8,0.0,29.848906888616604,8.3,False,False,3702.55
BC,2022-11-16,9,44.3,0.0,29.85776588353804,8.9,False,False,3710.732
BC,2022-11-16,10,46.2,0.0,29.848906888616604,9.8,False,False,3601.4773
BC,2022-11-16,11,48.0,0.0,29.85776588353804,13.2,False,False,3525.6272
BC,2022-11-16,12,48.3,0.0,29.84595389030946,13.7,False,False,3430.0215
BC,2022-11-16,13,48.0,0.0,29.83118889877374,13.3,False,False,3476.376
BC,2022-11-16,14,47.6,0.0,29.83118889877374,12.6,False,False,3431.2483
BC,2022-11-16,15,46.2,0.0,29.83414189708088,12.2,False,False,3469.1748
BC,2022-11-16,16,43.5,0.0,29.837094895388027,10.4,False,False,3805.915
BC,2022-11-16,17,40.5,0.0,29.84595389030946,8.4,False,False,4056.0017
BC,2022-11-16,18,39.1,0.0,29.860718881845184,8.3,False,False,4089.2708
BC,2022-11-16,19,38.5,0.0,29.87253087507376,9.4,False,False,3907.2305
BC,2022-11-16,20,37.2,0.0,29.869577876766616,8.7,False,False,3956.7314
BC,2022-11-16,21,36.3,0.0,29.87253087507376,8.1,False,False,3855.801
BC,2022-11-16,22,34.8,0.0,29.869577876766616,7.0,False,False,3536.659
BC,2022-11-16,23,34.1,0.0,29.863671880152324,7.6,False,False,3345.0542
CE,2022-11-16,0,32.5,0.004,29.382333156087775,4.0,False,False,9710.529
CE,2022-11-16,1,32.6,0.0,29.382333156087775,5.2,False,False,9347.148
CE,2022-11-16,2,32.5,0.004,29.382333156087775,5.4,False,False,9195.171
CE,2022-11-16,3,32.5,0.0,29.382333156087775,4.8,False,False,9188.039
CE,2022-11-16,4,31.0,0.0,29.379380157780627,4.8,False,False,9133.264
CE,2022-11-16,5,32.5,0.0,29.379380157780627,4.5,False,False,9375.547
CE,2022-11-16,6,32.4,0.0,29.382333156087775,4.8,False,False,10129.191
CE,2022-11-16,7,32.3,0.0,29.38528615439492,6.0,False,False,11009.762
CE,2022-11-16,8,32.1,0.0,29.397098147623495,7.4,False,True,11442.609
CE,2022-11-16,9,32.4,0.004,29.397098147623495,7.0,False,True,11550.533
CE,2022-11-16,10,32.9,0.008,29.39414514931635,7.1,False,True,11626.846
CE,2022-11-16,11,33.4,0.008,29.39414514931635,7.6,False,True,11698.865
CE,2022-11-16,12,33.7,0.004,29.388239152702063,7.3,True,False,11825.167
CE,2022-11-16,13,33.6,0.012,29.373474161166342,7.6,True,False,11874.797
CE,2022-11-16,14,33.4,0.012,29.364615166244906,7.6,True,False,12086.443
CE,2022-11-16,15,33.2,0.012,29.361662167937762,7.1,True,False,12020.844
CE,2022-11-16,16,32.9,0.008,29.364615166244906,5.1,True,False,12000.398
CE,2022-11-16,17,32.3,0.012,29.370521162859195,5.1,False,True,12050.515
CE,2022-11-16,18,32.2,0.004,29.382333156087775,7.8,False,True,12256.069
CE,2022-11-16,19,31.1,0.0,29.39414514931635,7.9,False,True,11973.937
CE,2022-11-16,20,30.4,0.0,29.40005114593064,8.0,False,False,11601.771
CE,2022-11-16,21,31.0,0.0,29.403004144237787,7.9,False,False,11442.891
CE,2022-11-16,22,31.0,0.0,29.408910140852072,8.1,False,False,10918.577
CE,2022-11-16,23,31.1,0.0,29.408910140852072,7.5,False,False,10289.843
DAY,2022-11-16,0,35.5,0.0,28.986631382930412,11.3,False,False,1808.7389
DAY,2022-11-16,1,34.1,0.0,29.001396374466132,11.6,False,False,1786.1305
DAY,2022-11-16,2,34.1,0.0,29.013208367694713,12.3,False,False,1789.8165
DAY,2022-11-16,3,33.4,0.0,29.019114364309,12.1,False,False,1799.0598
DAY,2022-11-16,4,32.8,0.0,29.019114364309,11.3,False,False,1915.6172
DAY,2022-11-16,5,32.5,0.0,29.02502036092329,11.7,False,False,2007.7487
DAY,2022-11-16,6,31.7,0.0,29.027973359230433,9.1,False,False,2181.8079
DAY,2022-11-16,7,31.2,0.0,29.033879355844725,7.2,False,False,2281.9575
DAY,2022-11-16,8,31.6,0.0,29.042738350766157,8.4,False,False,2318.2478
DAY,2022-11-16,9,32.7,0.0,29.05159734568759,10.8,False,False,2355.1086
DAY,2022-11-16,10,32.4,0.008,29.048644347380446,9.3,False,False,2325.783
DAY,2022-11-16,11,34.4,0.0,29.05159734568759,13.6,False,False,2349.3972
DAY,2022-11-16,12,34.3,0.0,29.03978535245901,12.9,False,False,2361.0813
DAY,2022-11-16,13,34.6,0.0,29.016161366001857,13.0,False,False,2297.534
DAY,2022-11-16,14,35.7,0.0,29.001396374466132,13.5,False,False,2244.142
DAY,2022-11-16,15,36.1,0.0,28.992537379544697,11.9,False,True,2264.4224
DAY,2022-11-16,16,36.0,0.0,28.992537379544697,10.2,False,True,2303.8816
DAY,2022-11-16,17,33.6,0.008,28.995490377851844,10.8,False,True,2335.6462
DAY,2022-11-16,18,33.4,0.008,29.016161366001857,9.8,False,True,2392.9375
DAY,2022-11-16,19,32.2,0.0,29.02502036092329,12.6,False,True,2363.6082
DAY,2022-11-16,20,31.3,0.004,29.02206736261614,11.8,False,False,2305.4895
DAY,2022-11-16,21,29.8,0.0,29.016161366001857,13.1,False,False,2236.0715
DAY,2022-11-16,22,28.9,0.0,29.016161366001857,15.1,False,False,2056.3586
DAY,2022-11-16,23,29.2,0.0,29.013208367694713,14.2,False,False,1984.1814
DEOK,2022-11-16,0,36.1,0.0,29.19629426273767,11.0,False,False,2552.9473
DEOK,2022-11-16,1,35.1,0.004,29.205153257659102,8.8,False,False,2511.6912
DEOK,2022-11-16,2,34.6,0.008,29.216965250887682,13.0,False,False,2454.4412
DEOK,2022-11-16,3,33.3,0.0,29.219918249194826,11.8,False,False,2544.4207
DEOK,2022-11-16,4,33.0,0.0,29.219918249194826,10.9,False,False,2619.226
DEOK,2022-11-16,5,33.1,0.0,29.225824245809115,8.3,False,False,2837.5237
DEOK,2022-11-16,6,33.1,0.0,29.231730242423403,7.6,False,False,3068.7937
DEOK,2022-11-16,7,32.9,0.008,29.234683240730547,9.3,False,False,3182.2944
DEOK,2022-11-16,8,33.1,0.0,29.24944823226627,8.4,False,False,3291.9563
DEOK,2022-11-16,9,33.4,0.0,29.255354228880563,9.7,False,False,3294.567
DEOK,2022-11-16,10,35.8,0.0,29.252401230573415,12.8,False,False,3233.4336
DEOK,2022-11-16,11,36.2,0.0,29.252401230573415,11.1,False,False,3242.5408
DEOK,2022-11-16,12,35.5,0.004,29.24058923734484,11.0,False,False,3243.893
DEOK,2022-11-16,13,36.2,0.0,29.219918249194826,13.0,False,True,3291.2551
DEOK,2022-11-16,14,34.9,0.008,29.20810625596625,11.7,False,True,3284.1333
DEOK,2022-11-16,15,35.8,0.012,29.205153257659102,14.5,False,True,3263.4177
DEOK,2022-11-16,16,34.3,0.004,29.202200259351958,14.6,False,False,3280.0928
DEOK,2022-11-16,17,34.0,0.0,29.199247261044814,12.8,False,False,3366.1543
DEOK,2022-11-16,18,32.3,0.0,29.211059254273394,12.2,False,False,3439.7664
DEOK,2022-11-16,19,32.0,0.0,29.22287124750197,12.2,False,False,3394.505
DEOK,2022-11-16,20,30.4,0.0,29.225824245809115,15.4,False,False,3299.9802
DEOK,2022-11-16,21,28.3,0.0,29.225824245809115,13.5,False,False,3181.3406
DEOK,2022-11-16,22,28.3,0.0,29.234683240730547,12.8,False,False,3038.3826
DEOK,2022-11-16,23,27.5,0.0,29.22877724411626,11.8,False,False,2899.6326
DOM,2022-11-16,0,41.4,0.024,29.866624878459472,4.6,False,False,11481.697
DOM,2022-11-16,1,41.3,0.0,29.866624878459472,6.8,False,False,11217.478
DOM,2022-11-16,2,41.1,0.0,29.860718881845184,7.7,False,False,11195.9795
DOM,2022-11-16,3,41.4,0.0,29.854812885230892,6.8,False,False,11100.065
DOM,2022-11-16,4,40.7,0.0,29.854812885230892,6.9,False,False,11491.834
DOM,2022-11-16,5,40.1,0.0,29.869577876766616,6.0,False,False,12078.802
DOM,2022-11-16,6,40.7,0.0,29.87253087507376,5.9,False,False,12757.022
DOM,2022-11-16,7,40.9,0.0,29.884342868302337,4.8,False,False,13303.063
DOM,2022-11-16,8,41.7,0.0,29.905013856452353,5.0,False,False,14047.381
DOM,2022-11-16,9,43.6,0.0,29.910919853066638,3.3,False,False,13700.819
DOM,2022-11-16,10,46.8,0.0,29.91387285137378,4.4,False,False,13489.819
DOM,2022-11-16,11,51.2,0.0,29.91387285137378,7.6,False,False,12893.614
DOM,2022-11-16,12,52.5,0.0,29.89024886491663,8.1,False,False,12832.39
DOM,2022-11-16,13,52.5,0.0,29.869577876766616,8.7,False,False,12829.566
DOM,2022-11-16,14,52.4,0.0,29.866624878459472,7.9,False,False,12854.7705
DOM,2022-11-16,15,51.6,0.0,29.866624878459472,7.2,False,False,12822.639
DOM,2022-11-16,16,50.7,0.0,29.87253087507376,4.8,False,False,12829.996
DOM,2022-11-16,17,47.7,0.0,29.884342868302337,5.0,False,False,13658.909
DOM,2022-11-16,18,45.2,0.0,29.902060858145205,4.9,False,False,13882.623
DOM,2022-11-16,19,43.5,0.0,29.91387285137378,5.6,False,False,13684.747
DOM,2022-11-16,20,43.6,0.0,29.919778847988074,6.1,False,False,13257.054
DOM,2022-11-16,21,44.1,0.0,29.925684844602362,5.2,False,False,12695.631
DOM,2022-11-16,22,43.0,0.0,29.934543839523798,4.3,False,False,12266.679
DOM,2022-11-16,23,41.9,0.0,29.925684844602362,2.6,False,False,11855.593
DPL,2022-11-16,0,44.9,0.209,29.97588581582382,4.3,True,False,1629.7819
DPL,2022-11-16,1,46.6,0.118,29.925684844602362,8.1,False,False,1546.95
DPL,2022-11-16,2,47.1,0.028,29.907966854759493,2.3,False,False,1574.878
DPL,2022-11-16,3,48.6,0.047,29.89320186322377,3.3,False,False,1562.6787
DPL,2022-11-16,4,48.7,0.059,29.896154861530917,7.8,False,False,1577.6462
DPL,2022-11-16,5,46.6,0.0,29.905013856452353,10.1,False,False,1749.5479
DPL,2022-11-16,6,44.5,0.0,29.89910785983806,10.1,False,False,1960.7085
DPL,2022-11-16,7,43.0,0.0,29.925684844602362,9.4,False,False,2249.6672
DPL,2022-11-16,8,44.1,0.0,29.94340283444523,9.3,False,False,2219.5605
DPL,2022-11-16,9,45.5,0.0,29.95226182936666,12.2,False,False,2132.3384
DPL,2022-11-16,10,46.7,0.0,29.946355832752374,12.2,False,False,2149.0903
DPL,2022-11-16,11,49.5,0.0,29.940449836138082,13.2,False,False,2055.0496
DPL,2022-11-16,12,50.1,0.0,29.93159084121665,14.1,False,False,2088.5786
DPL,2022-11-16,13,49.7,0.0,29.91387285137378,13.9,False,False,2076.6604
DPL,2022-11-16,14,49.2,0.0,29.91682584968093,11.8,False,False,2099.3218
DPL,2022-11-16,15,47.9,0.0,29.919778847988074,10.8,False,False,2131.5232
DPL,2022-11-16,16,45.6,0.0,29.928637842909506,10.1,False,False,2260.5154
DPL,2022-11-16,17,42.0,0.0,29.93159084121665,8.1,False,False,2487.8777
DPL,2022-11-16,18,40.2,0.0,29.955214827673807,7.0,False,False,2426.592
DPL,2022-11-16,19,39.2,0.0,29.967026820902383,7.3,False,False,2425.7822
DPL,2022-11-16,20,38.8,0.0,29.967026820902383,6.7,False,False,2342.1113
DPL,2022-11-16,21,37.6,0.0,29.972932817516675,7.8,False,False,2165.6382
DPL,2022-11-16,22,36.7,0.0,29.972932817516675,7.4,False,False,2042.4551
DPL,2022-11-16,23,35.3,0.0,29.95816782598095,7.4,False,False,2029.5398
DUQ,2022-11-16,0,35.2,0.0,28.791733494658875,2.7,True,False,1289.9614
DUQ,2022-11-16,1,36.1,0.008,28.788780496351727,6.6,True,False,1264.7861
DUQ,2022-11-16,2,36.4,0.004,28.791733494658875,7.4,True,False,1263.2529
DUQ,2022-11-16,3,36.6,0.004,28.79468649296602,8.5,True,False,1245.9978
DUQ,2022-11-16,4,36.8,0.0,28.79468649296602,7.9,True,False,1282.8263
DUQ,2022-11-16,5,36.7,0.004,28.806498486194595,7.2,False,False,1365.759
DUQ,2022-11-16,6,36.8,0.0,28.809451484501743,9.8,False,False,1443.2783
DUQ,2022-11-16,7,35.9,0.0,28.82126347773032,10.6,False,False,1529.7605
DUQ,2022-11-16,8,35.1,0.004,28.833075470958896,9.5,False,False,1582.7941
DUQ,2022-11-16,9,35.4,0.004,28.841934465880332,10.9,False,False,1609.5833
DUQ,2022-11-16,10,35.1,0.0,28.841934465880332,11.8,False,False,1611.4253
DUQ,2022-11-16,11,35.4,0.0,28.844887464187472,12.3,False,False,1614.9448
DUQ,2022-11-16,12,34.4,0.004,28.838981467573188,10.6,False,False,1618.3602
DUQ,2022-11-16,13,34.7,0.004,28.827169474344608,11.4,False,False,1634.1315
DUQ,2022-11-16,14,35.2,0.0,28.82126347773032,12.1,False,False,1621.8364
DUQ,2022-11-16,15,34.0,0.004,28.81831047942317,12.1,True,False,1605.0183
DUQ,2022-11-16,16,33.4,0.0,28.812404482808887,11.2,True,False,1602.4492
DUQ,2022-11-16,17,32.4,0.004,28.809451484501743,9.3,True,False,1651.2935
DUQ,2022-11-16,18,32.1,0.0,28.82126347773032,8.0,False,False,1642.5186
DUQ,2022-11-16,19,32.0,0.028,28.83012247265175,6.7,False,False,1608.1302
DUQ,2022-11-16,20,31.7,0.039,28.824216476037464,8.8,False,True,1595.5763
DUQ,2022-11-16,21,31.4,0.0,28.815357481116028,8.8,False,False,1555.3295
DUQ,2022-11-16,22,29.6,0.0,28.806498486194595,8.6,False,False,1477.1947
DUQ,2022-11-16,23,30.2,0.0,28.785827498044583,9.1,False,False,1426.0826
EKPC,2022-11-16,0,36.6,0.0,29.119516306751915,10.3,False,False,1349.4935
EKPC,2022-11-16,1,36.3,0.0,29.1254223033662,11.0,False,False,1345.9182
EKPC,2022-11-16,2,35.5,0.0,29.13723429659478,10.8,False,False,1381.3143
EKPC,2022-11-16,3,34.7,0.0,29.134281298287636,10.5,False,False,1391.4849
EKPC,2022-11-16,4,34.2,0.0,29.134281298287636,11.2,False,False,1535.3953
EKPC,2022-11-16,5,34.2,0.0,29.14314029320907,7.8,False,False,1615.282
EKPC,2022-11-16,6,33.9,0.004,29.146093291516213,6.5,False,False,1682.7201
EKPC,2022-11-16,7,34.1,0.004,29.154952286437645,7.4,False,False,1711.7877
EKPC,2022-11-16,8,34.3,0.0,29.172670276280513,7.5,False,False,1749.9537
EKPC,2022-11-16,9,33.6,0.0,29.18152927120195,10.0,False,False,1699.5828
EKPC,2022-11-16,10,34.1,0.008,29.178576272894805,11.1,False,False,1768.5093
EKPC,2022-11-16,11,35.2,0.0,29.18152927120195,11.4,False,False,1746.9686
EKPC,2022-11-16,12,34.4,0.004,29.16971727797337,10.1,False,False,1662.0653
EKPC,2022-11-16,13,35.1,0.004,29.146093291516213,11.9,False,False,1728.9198
EKPC,2022-11-16,14,35.7,0.008,29.1254223033662,13.0,False,False,1612.1619
EKPC,2022-11-16,15,33.9,0.012,29.128375301673344,12.3,False,False,1612.5134
EKPC,2022-11-16,16,33.8,0.012,29.119516306751915,12.4,False,False,1626.5613
EKPC,2022-11-16,17,33.1,0.004,29.10475131521619,14.0,False,False,1762.7765
EKPC,2022-11-16,18,31.8,0.0,29.12246930505906,12.0,False,False,1807.5311
EKPC,2022-11-16,19,31.5,0.0,29.134281298287636,10.4,False,False,1845.6558
EKPC,2022-11-16,20,31.3,0.0,29.14314029320907,12.9,False,False,1910.0212
EKPC,2022-11-16,21,30.7,0.0,29.140187294901924,14.7,False,False,1852.84
EKPC,2022-11-16,22,30.3,0.0,29.151999288130504,15.7,False,False,1856.3197
EKPC,2022-11-16,23,29.7,0.0,29.151999288130504,15.5,False,False,1763.7256
JC,2022-11-16,0,40.3,0.091,30.070381761652442,9.3,True,False,2033.2571
JC,2022-11-16,1,40.9,0.055,30.06152276673101,4.9,True,False,1947.7163
JC,2022-11-16,2,41.9,0.02,30.011321795509552,8.7,True,False,1916.6261
JC,2022-11-16,3,44.3,0.016,29.95226182936666,8.8,True,False,1872.9215
JC,2022-11-16,4,45.4,0.039,29.905013856452353,10.1,False,False,1866.351
JC,2022-11-16,5,46.1,0.075,29.884342868302337,11.4,True,False,1974.2034
JC,2022-11-16,6,46.6,0.024,29.884342868302337,6.5,False,False,2202.9626
JC,2022-11-16,7,47.8,0.028,29.89024886491663,6.9,False,False,2349.25
JC,2022-11-16,8,47.1,0.012,29.922731846295214,7.2,False,False,2397.711
JC,2022-11-16,9,44.1,0.008,29.925684844602362,10.7,False,False,2459.7896
JC,2022-11-16,10,43.2,0.0,29.925684844602362,11.4,False,False,2498.1687
JC,2022-11-16,11,43.4,0.0,29.91682584968093,11.4,False,False,2517.8516
JC,2022-11-16,12,43.6,0.0,29.902060858145205,8.6,False,False,2546.2537
JC,2022-11-16,13,48.6,0.0,29.902060858145205,8.4,False,False,2425.3965
JC,2022-11-16,14,49.0,0.0,29.905013856452353,9.5,False,False,2482.5205
JC,2022-11-16,15,48.1,0.0,29.910919853066638,6.5,False,False,2514.3943
JC,2022-11-16,16,46.1,0.0,29.91682584968093,9.7,False,False,2671.3872
JC,2022-11-16,17,43.1,0.0,29.928637842909506,8.1,False,False,2919.2422
JC,2022-11-16,18,41.3,0.0,29.93749683783094,6.7,False,False,2926.3584
JC,2022-11-16,19,40.7,0.0,29.955214827673807,7.9,False,False,2862.1704
JC,2022-11-16,20,39.2,0.0,29.95226182936666,6.3,False,False,2789.0342
JC,2022-11-16,21,38.0,0.0,29.955214827673807,5.5,False,False,2637.315
JC,2022-11-16,22,37.4,0.0,29.95816782598095,4.9,False,False,2428.1157
JC,2022-11-16,23,36.3,0.0,29.946355832752374,4.8,False,False,2258.798
ME,2022-11-16,0,38.1,0.012,29.78098792755228,4.3,True,False,1585.1725
ME,2022-11-16,1,38.3,0.028,29.763269937709413,4.7,False,False,1538.2582
ME,2022-11-16,2,38.4,0.004,29.745551947866545,4.9,False,False,1523.7471
ME,2022-11-16,3,38.6,0.02,29.73373995463797,5.6,False,False,1501.7887
ME,2022-11-16,4,38.4,0.0,29.724880959716536,8.4,False,False,1631.6117
ME,2022-11-16,5,38.4,0.0,29.7160219647951,7.0,False,False,1744.5394
ME,2022-11-16,6,37.8,0.0,29.710115968180812,4.2,False,False,1903.3876
ME,2022-11-16,7,36.1,0.0,29.721927961409392,4.8,False,False,2037.0165
ME,2022-11-16,8,37.6,0.0,29.73373995463797,3.4,False,False,2012.8337
ME,2022-11-16,9,41.4,0.0,29.73373995463797,7.2,False,False,1975.3909
ME,2022-11-16,10,44.1,0.0,29.730786956330824,11.5,False,False,2009.1179
ME,2022-11-16,11,46.7,0.0,29.73373995463797,12.4,False,False,1972.5648
ME,2022-11-16,12,47.6,0.0,29.721927961409392,13.5,False,False,1922.2002
ME,2022-11-16,13,45.7,0.0,29.704209971566524,13.4,False,False,1968.4694
ME,2022-11-16,14,45.3,0.0,29.70125697325938,13.5,False,False,1948.72
ME,2022-11-16,15,43.7,0.0,29.70125697325938,12.6,False,False,1958.9857
ME,2022-11-16,16,41.8,0.0,29.710115968180812,10.8,False,False,2035.8556
ME,2022-11-16,17,38.7,0.0,29.710115968180812,5.4,False,False,2074.8035
ME,2022-11-16,18,37.0,0.0,29.730786956330824,4.9,False,False,2099.062
ME,2022-11-16,19,36.0,0.0,29.736692952945113,3.7,False,False,2094.1558
ME,2022-11-16,20,34.6,0.0,29.73373995463797,4.5,False,False,2056.596
ME,2022-11-16,21,33.1,0.0,29.736692952945113,4.2,False,False,2020.4521
ME,2022-11-16,22,32.1,0.0,29.736692952945113,3.8,False,False,1904.9572
ME,2022-11-16,23,32.0,0.0,29.721927961409392,3.2,False,False,1784.8451
OVEC,2022-11-16,0,38.5,0.0,29.18152927120195,6.2,False,False,32.36079
OVEC,2022-11-16,1,37.8,0.0,29.19038826612338,9.1,False,False,29.57596
OVEC,2022-11-16,2,37.1,0.0,29.202200259351958,8.3,False,False,28.789202
OVEC,2022-11-16,3,35.7,0.0,29.216965250887682,11.7,False,False,30.69007
OVEC,2022-11-16,4,35.3,0.0,29.22287124750197,8.6,False,False,31.190912
OVEC,2022-11-16,5,34.9,0.0,29.22877724411626,9.9,False,False,31.786459
OVEC,2022-11-16,6,34.5,0.0,29.234683240730547,9.1,False,False,32.827675
OVEC,2022-11-16,7,34.2,0.0,29.24058923734484,8.6,False,False,33.547165
OVEC,2022-11-16,8,34.0,0.0,29.24944823226627,8.5,False,False,33.585316
OVEC,2022-11-16,9,33.7,0.0,29.252401230573415,10.6,False,False,32.75732
OVEC,2022-11-16,10,34.1,0.0,29.252401230573415,10.2,False,False,33.43395
OVEC,2022-11-16,11,34.7,0.0,29.24944823226627,10.0,False,False,33.09645
OVEC,2022-11-16,12,35.3,0.0,29.24058923734484,10.4,False,False,34.410885
OVEC,2022-11-16,13,34.8,0.004,29.22877724411626,10.6,False,False,32.822334
OVEC,2022-11-16,14,35.2,0.02,29.219918249194826,12.2,False,False,43.853943
OVEC,2022-11-16,15,34.0,0.004,29.211059254273394,11.3,False,True,29.355782
OVEC,2022-11-16,16,35.5,0.004,29.205153257659102,9.1,False,True,40.10833
OVEC,2022-11-16,17,34.6,0.0,29.202200259351958,7.5,False,True,35.448574
OVEC,2022-11-16,18,32.0,0.0,29.214012252580535,4.1,False,False,36.70373
OVEC,2022-11-16,19,32.6,0.024,29.225824245809115,6.7,False,True,50.735012
OVEC,2022-11-16,20,32.6,0.028,29.225824245809115,7.3,False,True,45.817425
OVEC,2022-11-16,21,32.3,0.004,29.225824245809115,7.8,False,True,29.164541
OVEC,2022-11-16,22,31.4,0.012,29.22877724411626,10.0,False,True,58.69045
OVEC,2022-11-16,23,30.4,0.0,29.219918249194826,8.0,False,True,40.576973
PE,2022-11-16,0,46.6,0.154,30.031992783659565,6.8,True,False,3352.4668
PE,2022-11-16,1,49.0,0.106,29.987697809052396,7.2,False,False,3169.5796
PE,2022-11-16,2,51.0,0.039,29.969979819209527,6.3,False,False,3099.54
PE,2022-11-16,3,50.9,0.016,29.946355832752374,4.5,False,False,3126.8838
PE,2022-11-16,4,50.9,0.039,29.94930883105952,3.9,False,False,3201.4062
PE,2022-11-16,5,51.0,0.043,29.961120824288095,4.4,False,False,3549.0806
PE,2022-11-16,6,47.9,0.004,29.95816782598095,9.7,False,False,3978.2559
PE,2022-11-16,7,46.3,0.0,29.981791812438107,10.1,False,False,4285.0864
PE,2022-11-16,8,46.4,0.0,30.00246280058812,7.3,False,False,4459.8315
PE,2022-11-16,9,47.5,0.0,30.008368797202408,9.6,False,False,4530.3076
PE,2022-11-16,10,48.2,0.0,30.005415798895264,10.4,False,False,4569.553
PE,2022-11-16,11,50.8,0.0,30.00246280058812,12.0,False,False,4406.614
PE,2022-11-16,12,50.4,0.0,29.987697809052396,13.1,False,False,4478.1357
PE,2022-11-16,13,49.7,0.0,29.969979819209527,12.8,False,False,4442.529
PE,2022-11-16,14,49.1,0.0,29.972932817516675,12.0,False,False,4441.334
PE,2022-11-16,15,48.0,0.0,29.978838814130963,11.3,False,False,4508.9395
PE,2022-11-16,16,46.1,0.0,29.987697809052396,9.0,False,False,4628.8115
PE,2022-11-16,17,42.7,0.0,29.993603805666687,7.2,False,False,5117.713
PE,2022-11-16,18,40.8,0.0,30.01722779212384,7.2,False,False,5163.0503
PE,2022-11-16,19,39.7,0.0,30.031992783659565,6.7,False,False,5036.738
PE,2022-11-16,20,39.1,0.0,30.031992783659565,7.2,False,False,4900.391
PE,2022-11-16,21,38.1,0.0,30.03494578196671,7.5,False,False,4684.1274
PE,2022-11-16,22,37.5,0.0,30.037898780273853,7.3,False,False,4289.253
PE,2022-11-16,23,36.2,0.0,30.023133788738132,7.6,False,False,4173.139
PEP,2022-11-16,0,41.8,0.0,30.046757775195285,6.2,False,False,2731.1677
PEP,2022-11-16,1,42.1,0.0,30.023133788738132,6.2,False,False,2629.9436
PEP,2022-11-16,2,42.4,0.0,30.023133788738132,5.6,False,False,2581.5193
PEP,2022-11-16,3,41.2,0.0,30.00246280058812,7.6,False,False,2605.7527
PEP,2022-11-16,4,39.5,0.0,29.999509802280972,2.8,False,False,2735.976
PEP,2022-11-16,5,38.7,0.0,30.023133788738132,2.8,False,False,3044.4768
PEP,2022-11-16,6,38.2,0.0,30.026086787045273,3.4,False,False,3430.037
PEP,2022-11-16,7,37.7,0.0,30.037898780273853,3.9,False,False,3687.8457
PEP,2022-11-16,8,39.9,0.0,30.052663771809577,1.3,False,False,3630.9658
PEP,2022-11-16,9,44.1,0.0,30.055616770116718,6.8,False,False,3441.0552
PEP,2022-11-16,10,46.6,0.0,30.05856976842386,8.4,False,False,3349.8752
PEP,2022-11-16,11,49.4,0.0,30.06152276673101,12.2,False,False,3300.3499
PEP,2022-11-16,12,49.3,0.0,30.04971077350243,12.9,False,False,3361.251
PEP,2022-11-16,13,48.9,0.0,30.03494578196671,12.6,False,False,3323.3315
PEP,2022-11-16,14,48.5,0.0,30.031992783659565,11.8,False,False,3258.157
PEP,2022-11-16,15,47.3,0.0,30.03494578196671,11.0,False,False,3385.301
PEP,2022-11-16,16,44.9,0.0,30.04380477688814,9.2,False,False,3569.8145
PEP,2022-11-16,17,41.7,0.0,30.04971077350243,5.5,False,False,3755.8977
PEP,2022-11-16,18,39.8,0.0,30.064475765038154,4.3,False,False,3773.5317
PEP,2022-11-16,19,39.2,0.0,30.070381761652442,4.6,False,False,3726.3647
PEP,2022-11-16,20,38.0,0.0,30.070381761652442,7.9,False,False,3604.436
PEP,2022-11-16,21,37.0,0.0,30.070381761652442,7.4,False,False,3492.6865
PEP,2022-11-16,22,35.5,0.0,30.070381761652442,4.0,False,False,3309.2168
PEP,2022-11-16,23,34.8,0.0,30.064475765038154,2.1,False,False,3239.7253
PL,2022-11-16,0,34.5,0.051,29.503406086680698,0.9,True,False,4304.911
PL,2022-11-16,1,34.8,0.055,29.476829101916397,1.3,True,False,4260.241
PL,2022-11-16,2,35.0,0.043,29.456158113766385,2.9,True,False,4211.2227
PL,2022-11-16,3,35.1,0.106,29.435487125616373,1.7,True,False,4365.44
PL,2022-11-16,4,35.5,0.012,29.435487125616373,3.1,True,False,4315.861
PL,2022-11-16,5,35.2,0.012,29.417769135773508,2.9,True,False,4670.079
PL,2022-11-16,6,35.5,0.004,29.408910140852072,2.1,True,False,4967.017
PL,2022-11-16,7,35.4,0.0,29.408910140852072,1.8,False,False,5539.343
PL,2022-11-16,8,35.9,0.0,29.408910140852072,0.2,False,False,5629.0317
PL,2022-11-16,9,38.6,0.0,29.417769135773508,7.9,False,False,5284.9136
PL,2022-11-16,10,40.6,0.0,29.414816137466364,12.0,False,False,5226.7637
PL,2022-11-16,11,43.1,0.0,29.41186313915922,16.1,False,False,5176.4707
PL,2022-11-16,12,43.8,0.0,29.40005114593064,16.3,False,False,5235.0176
PL,2022-11-16,13,43.5,0.0,29.388239152702063,14.0,False,False,5181.844
PL,2022-11-16,14,42.4,0.0,29.388239152702063,12.7,False,False,5262.6
PL,2022-11-16,15,41.3,0.0,29.391192151009207,12.7,False,False,5194.7427
PL,2022-11-16,16,39.5,0.0,29.39414514931635,11.5,False,False,5218.203
PL,2022-11-16,17,37.4,0.0,29.39414514931635,9.9,False,False,5404.6943
PL,2022-11-16,18,35.9,0.0,29.405957142544928,6.7,False,False,5610.962
PL,2022-11-16,19,34.1,0.0,29.41186313915922,4.0,False,False,5752.43
PL,2022-11-16,20,32.9,0.0,29.405957142544928,5.1,False,False,5585.7773
PL,2022-11-16,21,32.5,0.0,29.408910140852072,6.1,False,False,5337.783
PL,2022-11-16,22,32.5,0.0,29.405957142544928,8.3,False,False,4904.3867
PL,2022-11-16,23,32.5,0.0,29.388239152702063,8.6,False,False,4603.9194
PN,2022-11-16,0,36.3,0.02,29.211059254273394,9.6,True,False,1833.4513
PN,2022-11-16,1,36.4,0.016,29.202200259351958,9.5,True,False,1828.4658
PN,2022-11-16,2,36.4,0.012,29.19038826612338,11.2,True,False,1773.2179
PN,2022-11-16,3,36.6,0.008,29.18152927120195,12.0,True,False,1780.1746
PN,2022-11-16,4,36.4,0.008,29.175623274587657,14.8,True,False,1777.0962
PN,2022-11-16,5,36.4,0.008,29.178576272894805,16.3,True,False,1899.1208
PN,2022-11-16,6,36.0,0.0,29.178576272894805,17.0,True,False,2041.6869
PN,2022-11-16,7,35.9,0.008,29.18448226950909,15.6,True,False,2183.4927
PN,2022-11-16,8,34.8,0.071,29.199247261044814,16.7,False,False,2211.6204
PN,2022-11-16,9,34.0,0.063,29.199247261044814,16.7,True,False,2198.5928
PN,2022-11-16,10,34.1,0.083,29.19629426273767,17.6,True,False,2177.9116
PN,2022-11-16,11,37.5,0.016,29.199247261044814,17.0,True,False,2196.798
PN,2022-11-16,12,35.4,0.043,29.19629426273767,17.5,True,False,2236.8076
PN,2022-11-16,13,36.5,0.043,29.18448226950909,17.5,True,False,2217.2651
PN,2022-11-16,14,35.4,0.012,29.18152927120195,17.6,True,False,2206.8208
PN,2022-11-16,15,35.0,0.043,29.18448226950909,18.3,True,False,2197.6558
PN,2022-11-16,16,33.9,0.063,29.187435267816237,16.7,False,True,2227.7554
PN,2022-11-16,17,32.7,0.142,29.187435267816237,15.7,False,True,2251.1392
PN,2022-11-16,18,32.3,0.059,29.193341264430526,16.9,False,True,2227.3142
PN,2022-11-16,19,31.6,0.197,29.19629426273767,14.9,False,True,2194.706
PN,2022-11-16,20,30.4,0.213,29.193341264430526,13.6,False,True,2168.3914
PN,2022-11-16,21,30.8,0.165,29.193341264430526,17.1,False,False,2072.9001
PN,2022-11-16,22,31.9,0.169,29.19038826612338,12.9,False,True,2021.3726
PN,2022-11-16,23,31.3,0.22,29.16971727797337,17.8,False,True,1842.377
PS,2022-11-16,0,42.5,0.071,30.082193754881022,9.9,True,False,4082.2075
PS,2022-11-16,1,43.4,0.083,30.05856976842386,10.6,True,False,3951.533
PS,2022-11-16,2,43.8,0.02,30.014274793816696,12.0,True,False,3905.6685
PS,2022-11-16,3,44.3,0.035,29.94930883105952,10.8,True,False,3842.6882
PS,2022-11-16,4,45.4,0.094,29.919778847988074,8.3,False,False,3791.2134
PS,2022-11-16,5,46.6,0.161,29.905013856452353,7.8,True,False,3978.9846
PS,2022-11-16,6,47.0,0.146,29.902060858145205,8.6,False,False,4324.978
PS,2022-11-16,7,47.8,0.055,29.91387285137378,7.7,False,False,4575.8843
PS,2022-11-16,8,48.2,0.008,29.93159084121665,8.4,False,False,4771.3315
PS,2022-11-16,9,45.7,0.012,29.93749683783094,9.1,False,False,4966.603
PS,2022-11-16,10,44.9,0.012,29.93159084121665,9.2,False,False,5065.1997
PS,2022-11-16,11,44.6,0.0,29.919778847988074,9.9,False,False,5048.681
PS,2022-11-16,12,46.5,0.0,29.910919853066638,8.6,False,False,4930.627
PS,2022-11-16,13,50.0,0.0,29.910919853066638,10.7,False,False,4764.4453
PS,2022-11-16,14,50.0,0.0,29.91387285137378,8.5,False,False,4746.45
PS,2022-11-16,15,48.8,0.0,29.91387285137378,11.2,False,False,4921.7363
PS,2022-11-16,16,45.9,0.0,29.919778847988074,9.0,False,False,5134.601
PS,2022-11-16,17,43.0,0.0,29.93159084121665,6.4,False,False,5448.328
PS,2022-11-16,18,41.2,0.0,29.94340283444523,6.9,False,False,5507.9067
PS,2022-11-16,19,40.6,0.0,29.95816782598095,7.8,False,False,5372.8096
PS,2022-11-16,20,39.4,0.0,29.95816782598095,6.6,False,False,5269.5557
PS,2022-11-16,21,38.2,0.0,29.961120824288095,6.7,False,False,5043.955
PS,2022-11-16,22,37.5,0.0,29.964073822595243,6.1,False,False,4715.5957
PS,2022-11-16,23,36.7,0.0,29.94930883105952,5.8,False,False,4477.4185
RECO,2022-11-16,0,38.6,0.079,29.881389869995193,10.7,True,False,125.15893
RECO,2022-11-16,1,39.1,0.031,29.869577876766616,10.1,True,False,121.5956
RECO,2022-11-16,2,39.2,0.016,29.83414189708088,10.8,True,False,121.16476
RECO,2022-11-16,3,40.0,0.024,29.77212893263085,11.6,True,False,119.26496
RECO,2022-11-16,4,41.2,0.094,29.742598949559405,9.8,True,False,120.43529
RECO,2022-11-16,5,43.2,0.087,29.72783395802368,6.4,True,False,122.89522
RECO,2022-11-16,6,45.2,0.075,29.7160219647951,7.9,False,False,135.93509
RECO,2022-11-16,7,44.8,0.043,29.718974963102244,6.8,False,False,147.75346
RECO,2022-11-16,8,43.2,0.008,29.73373995463797,7.9,False,False,159.4614
RECO,2022-11-16,9,43.1,0.051,29.730786956330824,7.3,False,False,164.6635
RECO,2022-11-16,10,41.3,0.008,29.721927961409392,8.5,False,False,169.04109
RECO,2022-11-16,11,41.4,0.0,29.707162969873668,8.6,False,False,167.61853
RECO,2022-11-16,12,45.8,0.0,29.698303974952236,7.8,False,False,164.43904
RECO,2022-11-16,13,48.6,0.0,29.69535097664509,10.9,False,False,163.57825
RECO,2022-11-16,14,49.0,0.0,29.69535097664509,8.3,False,False,161.5597
RECO,2022-11-16,15,47.7,0.0,29.698303974952236,12.0,False,False,161.95555
RECO,2022-11-16,16,44.9,0.0,29.704209971566524,10.0,False,False,170.3092
RECO,2022-11-16,17,42.1,0.0,29.7160219647951,8.5,False,False,179.06822
RECO,2022-11-16,18,40.7,0.0,29.721927961409392,8.7,False,False,180.127
RECO,2022-11-16,19,39.3,0.0,29.736692952945113,8.9,False,False,176.15038
RECO,2022-11-16,20,38.4,0.0,29.736692952945113,8.3,False,False,171.3553
RECO,2022-11-16,21,37.5,0.0,29.739645951252257,8.1,False,False,162.06958
RECO,2022-11-16,22,36.8,0.0,29.739645951252257,7.9,False,False,146.90837
RECO,2022-11-16,23,35.7,0.0,29.730786956330824,8.1,False,False,135.78043
