,date,hour,zone,mw,year,weekend,holiday,is_dst,is_sah,precovid,postcovid,temp,precip,rh,pressure,windspeed,rain,snow,recent,hour_cos,hour_sin,month_cos,month_sin,dow_num,season_num
0,2022-11-21,0,AE,1048.45,2022,False,False,False,False,False,True,28.3,0.0,43,30.347963602524025,5.7,False,False,1,1.0,0.0,1.0,-2.4492935982947064e-16,1,3
1,2022-11-21,1,AE,1031.7589,2022,False,False,False,False,False,True,28.5,0.0,44,30.359775595752602,5.2,False,False,1,0.9629172873477994,0.2697967711570243,1.0,-2.4492935982947064e-16,1,3
2,2022-11-21,2,AE,1005.29596,2022,False,False,False,False,False,True,26.8,0.0,48,30.380446583902614,4.8,False,False,1,0.8544194045464886,0.5195839500354336,1.0,-2.4492935982947064e-16,1,3
3,2022-11-21,3,AE,1008.39264,2022,False,False,False,False,False,True,26.7,0.0,53,30.392258577131194,4.8,False,False,1,0.6825531432186541,0.730835964278124,1.0,-2.4492935982947064e-16,1,3
4,2022-11-21,4,AE,1012.97864,2022,False,False,False,False,False,True,26.9,0.0,55,30.407023568666915,4.1,False,False,1,0.46006503773115215,0.8878852184023752,1.0,-2.4492935982947064e-16,1,3
5,2022-11-21,5,AE,1071.0399,2022,False,False,False,False,False,True,24.8,0.0,55,30.42178856020264,2.9,False,False,1,0.20345601305263397,0.9790840876823228,1.0,-2.4492935982947064e-16,1,3
6,2022-11-21,6,AE,1160.1298,2022,False,False,False,False,False,True,24.5,0.0,57,30.43064755512407,2.5,False,False,1,-0.06824241336467089,0.9976687691905392,1.0,-2.4492935982947064e-16,1,3
7,2022-11-21,7,AE,1229.8364,2022,False,False,False,False,False,True,23.5,0.0,62,30.44245954835265,2.8,False,False,1,-0.33487961217098616,0.9422609221188205,1.0,-2.4492935982947064e-16,1,3
8,2022-11-21,8,AE,1199.27,2022,False,False,False,False,False,True,27.0,0.0,57,30.460177538195516,3.4,False,False,1,-0.576680322114867,0.8169698930104421,1.0,-2.4492935982947064e-16,1,3
9,2022-11-21,9,AE,1102.0881,2022,False,False,False,False,False,True,31.6,0.0,48,30.460177538195516,5.7,False,False,1,-0.7757112907044197,0.631087944326053,1.0,-2.4492935982947064e-16,1,3
10,2022-11-21,10,AE,1105.5162,2022,False,False,False,False,False,True,34.8,0.0,36,30.448365544966936,3.2,False,False,1,-0.9172113015054528,0.3984010898462418,1.0,-2.4492935982947064e-16,1,3
11,2022-11-21,11,AE,1074.0613,2022,False,False,False,False,False,True,37.9,0.0,33,30.41883556189549,3.7,False,False,1,-0.9906859460363308,0.13616664909624665,1.0,-2.4492935982947064e-16,1,3
12,2022-11-21,12,AE,1050.5247,2022,False,False,False,False,False,True,39.7,0.0,32,30.374540587288323,2.4,False,False,1,-0.9906859460363308,-0.13616664909624643,1.0,-2.4492935982947064e-16,1,3
13,2022-11-21,13,AE,946.381,2022,False,False,False,False,False,True,41.6,0.0,27,30.330245612681153,7.3,False,False,1,-0.9172113015054532,-0.3984010898462412,1.0,-2.4492935982947064e-16,1,3
14,2022-11-21,14,AE,1032.1794,2022,False,False,False,False,False,True,42.5,0.0,27,30.306621626224,5.4,False,False,1,-0.7757112907044198,-0.6310879443260529,1.0,-2.4492935982947064e-16,1,3
15,2022-11-21,15,AE,1062.3639,2022,False,False,False,False,False,True,42.4,0.0,33,30.297762631302568,8.4,False,False,1,-0.5766803221148673,-0.8169698930104419,1.0,-2.4492935982947064e-16,1,3
16,2022-11-21,16,AE,1191.0815,2022,False,False,False,False,False,True,40.6,0.0,46,30.29185663468828,9.4,False,False,1,-0.3348796121709864,-0.9422609221188204,1.0,-2.4492935982947064e-16,1,3
17,2022-11-21,17,AE,1290.4302,2022,False,False,False,False,False,True,37.4,0.0,50,30.282997639766847,7.4,False,False,1,-0.06824241336467135,-0.9976687691905392,1.0,-2.4492935982947064e-16,1,3
18,2022-11-21,18,AE,1296.7277,2022,False,False,False,False,False,True,36.3,0.0,53,30.282997639766847,8.0,False,False,1,0.20345601305263328,-0.979084087682323,1.0,-2.4492935982947064e-16,1,3
19,2022-11-21,19,AE,1275.0809,2022,False,False,False,False,False,True,36.4,0.0,55,30.282997639766847,9.4,False,False,1,0.4600650377311516,-0.8878852184023756,1.0,-2.4492935982947064e-16,1,3
20,2022-11-21,20,AE,1225.0764,2022,False,False,False,False,False,True,36.2,0.0,66,30.274138644845415,9.0,False,False,1,0.6825531432186535,-0.7308359642781246,1.0,-2.4492935982947064e-16,1,3
21,2022-11-21,21,AE,1161.3391,2022,False,False,False,False,False,True,36.1,0.0,79,30.271185646538264,8.0,False,False,1,0.8544194045464886,-0.5195839500354336,1.0,-2.4492935982947064e-16,1,3
22,2022-11-21,22,AE,1067.8134,2022,False,False,False,False,False,True,35.7,0.0,85,30.271185646538264,6.7,False,False,1,0.9629172873477992,-0.2697967711570244,1.0,-2.4492935982947064e-16,1,3
23,2022-11-21,23,AE,1015.0565,2022,False,False,False,False,False,True,35.6,0.0,82,30.271185646538264,6.8,False,False,1,1.0,-2.4492935982947064e-16,1.0,-2.4492935982947064e-16,1,3
0,2022-11-21,0,AEP,15792.404,2022,False,False,False,False,False,True,24.4,0.0,59,29.577231044359312,3.2,False,False,1,1.0,0.0,1.0,-2.4492935982947064e-16,1,3
1,2022-11-21,1,AEP,15731.713,2022,False,False,False,False,False,True,22.5,0.0,61,29.568372049437876,2.1,False,False,1,0.9629172873477994,0.2697967711570243,1.0,-2.4492935982947064e-16,1,3
2,2022-11-21,2,AEP,15686.038,2022,False,False,False,False,False,True,21.7,0.0,65,29.57132504774502,2.0,False,False,1,0.8544194045464886,0.5195839500354336,1.0,-2.4492935982947064e-16,1,3
3,2022-11-21,3,AEP,16069.888,2022,False,False,False,False,False,True,21.4,0.0,72,29.565419051130736,1.9,False,False,1,0.6825531432186541,0.730835964278124,1.0,-2.4492935982947064e-16,1,3
4,2022-11-21,4,AEP,16125.371,2022,False,False,False,False,False,True,20.8,0.0,72,29.5565600562093,2.5,False,False,1,0.46006503773115215,0.8878852184023752,1.0,-2.4492935982947064e-16,1,3
5,2022-11-21,5,AEP,17387.95,2022,False,False,False,False,False,True,20.0,0.0,66,29.553607057902152,2.8,False,False,1,0.20345601305263397,0.9790840876823228,1.0,-2.4492935982947064e-16,1,3
6,2022-11-21,6,AEP,17867.477,2022,False,False,False,False,False,True,19.3,0.0,67,29.54474806298072,2.8,False,False,1,-0.06824241336467089,0.9976687691905392,1.0,-2.4492935982947064e-16,1,3
7,2022-11-21,7,AEP,18450.4,2022,False,False,False,False,False,True,18.7,0.0,68,29.5565600562093,2.6,False,False,1,-0.33487961217098616,0.9422609221188205,1.0,-2.4492935982947064e-16,1,3
8,2022-11-21,8,AEP,18868.1,2022,False,False,False,False,False,True,19.9,0.0,70,29.574278046052164,2.9,False,False,1,-0.576680322114867,0.8169698930104421,1.0,-2.4492935982947064e-16,1,3
9,2022-11-21,9,AEP,17737.201,2022,False,False,False,False,False,True,26.1,0.0,64,29.580184042666456,3.6,False,False,1,-0.7757112907044197,0.631087944326053,1.0,-2.4492935982947064e-16,1,3
10,2022-11-21,10,AEP,16923.65,2022,False,False,False,False,False,True,31.1,0.0,55,29.57132504774502,4.5,False,False,1,-0.9172113015054528,0.3984010898462418,1.0,-2.4492935982947064e-16,1,3
11,2022-11-21,11,AEP,16565.803,2022,False,False,False,False,False,True,37.4,0.0,40,29.562466052823588,6.0,False,False,1,-0.9906859460363308,0.13616664909624665,1.0,-2.4492935982947064e-16,1,3
12,2022-11-21,12,AEP,15961.548,2022,False,False,False,False,False,True,42.9,0.0,29,29.541795064673575,7.4,False,False,1,-0.9906859460363308,-0.13616664909624643,1.0,-2.4492935982947064e-16,1,3
13,2022-11-21,13,AEP,15298.308,2022,False,False,False,False,False,True,47.0,0.0,22,29.509312083294986,8.6,False,False,1,-0.9172113015054532,-0.3984010898462412,1.0,-2.4492935982947064e-16,1,3
14,2022-11-21,14,AEP,15179.224,2022,False,False,False,False,False,True,49.5,0.0,21,29.48568809683783,8.6,False,False,1,-0.7757112907044198,-0.6310879443260529,1.0,-2.4492935982947064e-16,1,3
15,2022-11-21,15,AEP,15041.919,2022,False,False,False,False,False,True,49.9,0.0,21,29.476829101916397,9.8,False,False,1,-0.5766803221148673,-0.8169698930104419,1.0,-2.4492935982947064e-16,1,3
16,2022-11-21,16,AEP,15210.992,2022,False,False,False,False,False,True,49.9,0.0,19,29.47092310530211,8.2,False,False,1,-0.3348796121709864,-0.9422609221188204,1.0,-2.4492935982947064e-16,1,3
17,2022-11-21,17,AEP,16194.103,2022,False,False,False,False,False,True,44.9,0.0,22,29.473876103609253,5.5,False,False,1,-0.06824241336467135,-0.9976687691905392,1.0,-2.4492935982947064e-16,1,3
18,2022-11-21,18,AEP,17175.852,2022,False,False,False,False,False,True,40.6,0.0,26,29.49750009006641,6.4,False,False,1,0.20345601305263328,-0.979084087682323,1.0,-2.4492935982947064e-16,1,3
19,2022-11-21,19,AEP,17338.67,2022,False,False,False,False,False,True,38.5,0.0,28,29.515218079909275,5.9,False,False,1,0.4600650377311516,-0.8878852184023756,1.0,-2.4492935982947064e-16,1,3
20,2022-11-21,20,AEP,17123.395,2022,False,False,False,False,False,True,36.8,0.0,30,29.527030073137855,4.1,False,False,1,0.6825531432186535,-0.7308359642781246,1.0,-2.4492935982947064e-16,1,3
21,2022-11-21,21,AEP,17059.863,2022,False,False,False,False,False,True,35.4,0.0,32,29.532936069752143,2.5,False,False,1,0.8544194045464886,-0.5195839500354336,1.0,-2.4492935982947064e-16,1,3
22,2022-11-21,22,AEP,16109.624,2022,False,False,False,False,False,True,34.4,0.0,32,29.547701061287867,3.5,False,False,1,0.9629172873477992,-0.2697967711570244,1.0,-2.4492935982947064e-16,1,3
23,2022-11-21,23,AEP,15635.477,2022,False,False,False,False,False,True,34.0,0.0,32,29.553607057902152,2.8,False,False,1,1.0,-2.4492935982947064e-16,1.0,-2.4492935982947064e-16,1,3
0,2022-11-21,0,AP,6565.8105,2022,False,False,False,False,False,True,17.6,0.0,55,28.292676780751453,2.3,False,False,1,1.0,0.0,1.0,-2.4492935982947064e-16,1,3
1,2022-11-21,1,AP,6564.194,2022,False,False,False,False,False,True,16.5,0.0,56,28.283817785830017,3.6,False,False,1,0.9629172873477994,0.2697967711570243,1.0,-2.4492935982947064e-16,1,3
2,2022-11-21,2,AP,6591.744,2022,False,False,False,False,False,True,15.3,0.0,55,28.28972378244431,3.7,False,False,1,0.8544194045464886,0.5195839500354336,1.0,-2.4492935982947064e-16,1,3
3,2022-11-21,3,AP,6518.205,2022,False,False,False,False,False,True,15.6,0.0,46,28.286770784137165,3.7,False,False,1,0.6825531432186541,0.730835964278124,1.0,-2.4492935982947064e-16,1,3
4,2022-11-21,4,AP,6454.979,2022,False,False,False,False,False,True,16.0,0.0,45,28.280864787522876,5.9,False,False,1,0.46006503773115215,0.8878852184023752,1.0,-2.4492935982947064e-16,1,3
5,2022-11-21,5,AP,6846.2344,2022,False,False,False,False,False,True,16.0,0.0,55,28.266099795987152,3.8,False,False,1,0.20345601305263397,0.9790840876823228,1.0,-2.4492935982947064e-16,1,3
6,2022-11-21,6,AP,7159.337,2022,False,False,False,False,False,True,14.1,0.0,69,28.260193799372864,5.4,False,False,1,-0.06824241336467089,0.9976687691905392,1.0,-2.4492935982947064e-16,1,3
7,2022-11-21,7,AP,7365.961,2022,False,False,False,False,False,True,14.6,0.0,64,28.269052794294296,1.8,False,False,1,-0.33487961217098616,0.9422609221188205,1.0,-2.4492935982947064e-16,1,3
8,2022-11-21,8,AP,7427.3984,2022,False,False,False,False,False,True,17.1,0.0,69,28.280864787522876,2.6,False,False,1,-0.576680322114867,0.8169698930104421,1.0,-2.4492935982947064e-16,1,3
9,2022-11-21,9,AP,7059.3516,2022,False,False,False,False,False,True,24.0,0.0,77,28.286770784137165,1.4,False,False,1,-0.7757112907044197,0.631087944326053,1.0,-2.4492935982947064e-16,1,3
10,2022-11-21,10,AP,6478.9824,2022,False,False,False,False,False,True,29.4,0.0,71,28.283817785830017,2.6,False,False,1,-0.9172113015054528,0.3984010898462418,1.0,-2.4492935982947064e-16,1,3
11,2022-11-21,11,AP,6185.725,2022,False,False,False,False,False,True,35.1,0.0,51,28.266099795987152,5.9,False,False,1,-0.9906859460363308,0.13616664909624665,1.0,-2.4492935982947064e-16,1,3
12,2022-11-21,12,AP,6214.923,2022,False,False,False,False,False,True,38.7,0.0,42,28.242475809529996,2.1,False,False,1,-0.9906859460363308,-0.13616664909624643,1.0,-2.4492935982947064e-16,1,3
13,2022-11-21,13,AP,5540.862,2022,False,False,False,False,False,True,47.4,0.0,36,28.218851823072843,7.9,False,False,1,-0.9172113015054532,-0.3984010898462412,1.0,-2.4492935982947064e-16,1,3
14,2022-11-21,14,AP,5450.116,2022,False,False,False,False,False,True,47.4,0.0,34,28.20408683153712,8.7,False,False,1,-0.7757112907044198,-0.6310879443260529,1.0,-2.4492935982947064e-16,1,3
15,2022-11-21,15,AP,5657.107,2022,False,False,False,False,False,True,46.0,0.0,36,28.195227836615683,6.7,False,False,1,-0.5766803221148673,-0.8169698930104419,1.0,-2.4492935982947064e-16,1,3
16,2022-11-21,16,AP,5829.291,2022,False,False,False,False,False,True,44.0,0.0,39,28.198180834922827,2.8,False,False,1,-0.3348796121709864,-0.9422609221188204,1.0,-2.4492935982947064e-16,1,3
17,2022-11-21,17,AP,6335.423,2022,False,False,False,False,False,True,39.3,0.0,35,28.20408683153712,7.1,False,False,1,-0.06824241336467135,-0.9976687691905392,1.0,-2.4492935982947064e-16,1,3
18,2022-11-21,18,AP,6449.0454,2022,False,False,False,False,False,True,35.2,0.0,43,28.221804821379987,7.0,False,False,1,0.20345601305263328,-0.979084087682323,1.0,-2.4492935982947064e-16,1,3
19,2022-11-21,19,AP,6496.622,2022,False,False,False,False,False,True,33.7,0.0,51,28.236569812915707,6.8,False,False,1,0.4600650377311516,-0.8878852184023756,1.0,-2.4492935982947064e-16,1,3
20,2022-11-21,20,AP,6393.8784,2022,False,False,False,False,False,True,33.3,0.0,54,28.248381806144288,6.8,False,False,1,0.6825531432186535,-0.7308359642781246,1.0,-2.4492935982947064e-16,1,3
21,2022-11-21,21,AP,6116.4023,2022,False,False,False,False,False,True,33.2,0.0,56,28.254287802758572,6.7,False,False,1,0.8544194045464886,-0.5195839500354336,1.0,-2.4492935982947064e-16,1,3
22,2022-11-21,22,AP,5796.1113,2022,False,False,False,False,False,True,33.3,0.0,57,28.260193799372864,6.7,False,False,1,0.9629172873477992,-0.2697967711570244,1.0,-2.4492935982947064e-16,1,3
23,2022-11-21,23,AP,5535.937,2022,False,False,False,False,False,True,33.3,0.0,54,28.27200579260144,5.7,False,False,1,1.0,-2.4492935982947064e-16,1.0,-2.4492935982947064e-16,1,3
0,2022-11-21,0,BC,3617.2131,2022,False,False,False,False,False,True,28.8,0.0,49,30.24460866177397,3.4,False,False,1,1.0,0.0,1.0,-2.4492935982947064e-16,1,3
1,2022-11-21,1,BC,3660.173,2022,False,False,False,False,False,True,28.2,0.0,51,30.23870266515968,2.7,False,False,1,0.9629172873477994,0.2697967711570243,1.0,-2.4492935982947064e-16,1,3
2,2022-11-21,2,BC,3655.5315,2022,False,False,False,False,False,True,28.2,0.0,52,30.256420655002543,1.6,False,False,1,0.8544194045464886,0.5195839500354336,1.0,-2.4492935982947064e-16,1,3
3,2022-11-21,3,BC,3691.1233,2022,False,False,False,False,False,True,28.2,0.0,57,30.271185646538264,1.6,False,False,1,0.6825531432186541,0.730835964278124,1.0,-2.4492935982947064e-16,1,3
4,2022-11-21,4,BC,3910.8518,2022,False,False,False,False,False,True,26.3,0.0,61,30.277091643152556,2.8,False,False,1,0.46006503773115215,0.8878852184023752,1.0,-2.4492935982947064e-16,1,3
5,2022-11-21,5,BC,4249.091,2022,False,False,False,False,False,True,24.5,0.0,68,30.280044641459703,2.7,False,False,1,0.20345601305263397,0.9790840876823228,1.0,-2.4492935982947064e-16,1,3
6,2022-11-21,6,BC,4670.657,2022,False,False,False,False,False,True,25.1,0.0,65,30.282997639766847,0.2,False,False,1,-0.06824241336467089,0.9976687691905392,1.0,-2.4492935982947064e-16,1,3
7,2022-11-21,7,BC,4926.4146,2022,False,False,False,False,False,True,23.7,0.0,68,30.29185663468828,2.4,False,False,1,-0.33487961217098616,0.9422609221188205,1.0,-2.4492935982947064e-16,1,3
8,2022-11-21,8,BC,4819.411,2022,False,False,False,False,False,True,26.6,0.0,68,30.297762631302568,0.5,False,False,1,-0.576680322114867,0.8169698930104421,1.0,-2.4492935982947064e-16,1,3
9,2022-11-21,9,BC,4379.015,2022,False,False,False,False,False,True,30.7,0.0,55,30.30071562960971,3.0,False,False,1,-0.7757112907044197,0.631087944326053,1.0,-2.4492935982947064e-16,1,3
10,2022-11-21,10,BC,3861.295,2022,False,False,False,False,False,True,35.6,0.0,36,30.29185663468828,4.8,False,False,1,-0.9172113015054528,0.3984010898462418,1.0,-2.4492935982947064e-16,1,3
11,2022-11-21,11,BC,3829.0571,2022,False,False,False,False,False,True,38.8,0.0,37,30.256420655002543,6.2,False,False,1,-0.9906859460363308,0.13616664909624665,1.0,-2.4492935982947064e-16,1,3
12,2022-11-21,12,BC,3609.095,2022,False,False,False,False,False,True,41.5,0.0,36,30.212125680395378,6.7,False,False,1,-0.9906859460363308,-0.13616664909624643,1.0,-2.4492935982947064e-16,1,3
13,2022-11-21,13,BC,3557.686,2022,False,False,False,False,False,True,44.3,0.0,33,30.173736702402497,6.7,False,False,1,-0.9172113015054532,-0.3984010898462412,1.0,-2.4492935982947064e-16,1,3
14,2022-11-21,14,BC,3542.7134,2022,False,False,False,False,False,True,45.9,0.0,38,30.144206719331052,8.1,False,False,1,-0.7757112907044198,-0.6310879443260529,1.0,-2.4492935982947064e-16,1,3
15,2022-11-21,15,BC,3667.7773,2022,False,False,False,False,False,True,45.2,0.0,40,30.12944172779533,10.4,False,False,1,-0.5766803221148673,-0.8169698930104419,1.0,-2.4492935982947064e-16,1,3
16,2022-11-21,16,BC,3733.19,2022,False,False,False,False,False,True,44.3,0.0,42,30.114676736259607,7.9,False,False,1,-0.3348796121709864,-0.9422609221188204,1.0,-2.4492935982947064e-16,1,3
17,2022-11-21,17,BC,4061.6023,2022,False,False,False,False,False,True,40.2,0.0,42,30.105817741338175,5.8,False,False,1,-0.06824241336467135,-0.9976687691905392,1.0,-2.4492935982947064e-16,1,3
18,2022-11-21,18,BC,4145.5947,2022,False,False,False,False,False,True,37.7,0.0,51,30.111723737952467,5.8,False,False,1,0.20345601305263328,-0.979084087682323,1.0,-2.4492935982947064e-16,1,3
19,2022-11-21,19,BC,4079.6836,2022,False,False,False,False,False,True,36.6,0.0,57,30.117629734566755,6.4,False,False,1,0.4600650377311516,-0.8878852184023756,1.0,-2.4492935982947064e-16,1,3
20,2022-11-21,20,BC,3931.1118,2022,False,False,False,False,False,True,35.6,0.0,50,30.1205827328739,6.9,False,False,1,0.6825531432186535,-0.7308359642781246,1.0,-2.4492935982947064e-16,1,3
21,2022-11-21,21,BC,3919.5618,2022,False,False,False,False,False,True,35.6,0.0,46,30.126488729488187,8.3,False,False,1,0.8544194045464886,-0.5195839500354336,1.0,-2.4492935982947064e-16,1,3
22,2022-11-21,22,BC,3630.578,2022,False,False,False,False,False,True,35.9,0.0,46,30.1471597176382,9.4,False,False,1,0.9629172873477992,-0.2697967711570244,1.0,-2.4492935982947064e-16,1,3
23,2022-11-21,23,BC,3541.235,2022,False,False,False,False,False,True,34.3,0.0,49,30.158971710866776,6.7,False,False,1,1.0,-2.4492935982947064e-16,1.0,-2.4492935982947064e-16,1,3
0,2022-11-21,0,CE,9804.325,2022,False,False,False,False,False,True,28.8,0.0,50,29.447299118844953,12.2,False,False,1,1.0,0.0,1.0,-2.4492935982947064e-16,1,3
1,2022-11-21,1,CE,9560.331,2022,False,False,False,False,False,True,28.9,0.0,50,29.432534127309232,12.9,False,False,1,0.9629172873477994,0.2697967711570243,1.0,-2.4492935982947064e-16,1,3
2,2022-11-21,2,CE,9269.619,2022,False,False,False,False,False,True,29.3,0.0,47,29.420722134080652,12.7,False,False,1,0.8544194045464886,0.5195839500354336,1.0,-2.4492935982947064e-16,1,3
3,2022-11-21,3,CE,9125.514,2022,False,False,False,False,False,True,29.9,0.0,45,29.403004144237787,12.9,False,False,1,0.6825531432186541,0.730835964278124,1.0,-2.4492935982947064e-16,1,3
4,2022-11-21,4,CE,9430.596,2022,False,False,False,False,False,True,32.0,0.0,44,29.382333156087775,13.9,False,False,1,0.46006503773115215,0.8878852184023752,1.0,-2.4492935982947064e-16,1,3
5,2022-11-21,5,CE,9860.701,2022,False,False,False,False,False,True,31.6,0.0,46,29.370521162859195,13.2,False,False,1,0.20345601305263397,0.9790840876823228,1.0,-2.4492935982947064e-16,1,3
6,2022-11-21,6,CE,10632.984,2022,False,False,False,False,False,True,31.6,0.0,46,29.364615166244906,13.0,False,False,1,-0.06824241336467089,0.9976687691905392,1.0,-2.4492935982947064e-16,1,3
7,2022-11-21,7,CE,11788.689,2022,False,False,False,False,False,True,30.7,0.0,46,29.364615166244906,12.0,False,False,1,-0.33487961217098616,0.9422609221188205,1.0,-2.4492935982947064e-16,1,3
8,2022-11-21,8,CE,11940.327,2022,False,False,False,False,False,True,29.6,0.0,50,29.364615166244906,10.0,False,False,1,-0.576680322114867,0.8169698930104421,1.0,-2.4492935982947064e-16,1,3
9,2022-11-21,9,CE,11769.093,2022,False,False,False,False,False,True,31.7,0.0,53,29.38528615439492,12.2,False,False,1,-0.7757112907044197,0.631087944326053,1.0,-2.4492935982947064e-16,1,3
10,2022-11-21,10,CE,11787.857,2022,False,False,False,False,False,True,34.2,0.0,54,29.391192151009207,13.0,False,False,1,-0.9172113015054528,0.3984010898462418,1.0,-2.4492935982947064e-16,1,3
11,2022-11-21,11,CE,11609.277,2022,False,False,False,False,False,True,37.9,0.0,49,29.39414514931635,13.3,False,False,1,-0.9906859460363308,0.13616664909624665,1.0,-2.4492935982947064e-16,1,3
12,2022-11-21,12,CE,11424.179,2022,False,False,False,False,False,True,41.5,0.0,44,29.397098147623495,12.2,False,False,1,-0.9906859460363308,-0.13616664909624643,1.0,-2.4492935982947064e-16,1,3
13,2022-11-21,13,CE,11107.478,2022,False,False,False,False,False,True,44.0,0.0,42,29.39414514931635,14.1,False,False,1,-0.9172113015054532,-0.3984010898462412,1.0,-2.4492935982947064e-16,1,3
14,2022-11-21,14,CE,11041.629,2022,False,False,False,False,False,True,45.5,0.0,41,29.397098147623495,13.6,False,False,1,-0.7757112907044198,-0.6310879443260529,1.0,-2.4492935982947064e-16,1,3
15,2022-11-21,15,CE,10906.032,2022,False,False,False,False,False,True,45.4,0.0,42,29.408910140852072,14.2,False,False,1,-0.5766803221148673,-0.8169698930104419,1.0,-2.4492935982947064e-16,1,3
16,2022-11-21,16,CE,10805.693,2022,False,False,False,False,False,True,45.2,0.0,41,29.429581129002088,11.0,False,False,1,-0.3348796121709864,-0.9422609221188204,1.0,-2.4492935982947064e-16,1,3
17,2022-11-21,17,CE,11184.889,2022,False,False,False,False,False,True,42.7,0.0,42,29.450252117152097,5.5,False,False,1,-0.06824241336467135,-0.9976687691905392,1.0,-2.4492935982947064e-16,1,3
18,2022-11-21,18,CE,11705.956,2022,False,False,False,False,False,True,38.5,0.0,46,29.48568809683783,5.8,False,False,1,0.20345601305263328,-0.979084087682323,1.0,-2.4492935982947064e-16,1,3
19,2022-11-21,19,CE,11717.867,2022,False,False,False,False,False,True,35.4,0.0,54,29.524077074830707,4.8,False,False,1,0.4600650377311516,-0.8878852184023756,1.0,-2.4492935982947064e-16,1,3
20,2022-11-21,20,CE,11572.85,2022,False,False,False,False,False,True,33.1,0.0,60,29.541795064673575,4.5,False,False,1,0.6825531432186535,-0.7308359642781246,1.0,-2.4492935982947064e-16,1,3
21,2022-11-21,21,CE,11254.862,2022,False,False,False,False,False,True,31.4,0.0,66,29.5565600562093,4.3,False,False,1,0.8544194045464886,-0.5195839500354336,1.0,-2.4492935982947064e-16,1,3
22,2022-11-21,22,CE,10861.413,2022,False,False,False,False,False,True,28.8,0.0,71,29.5565600562093,4.5,False,False,1,0.9629172873477992,-0.2697967711570244,1.0,-2.4492935982947064e-16,1,3
23,2022-11-21,23,CE,10457.934,2022,False,False,False,False,False,True,26.9,0.0,72,29.562466052823588,5.8,False,False,1,1.0,-2.4492935982947064e-16,1.0,-2.4492935982947064e-16,1,3
0,2022-11-21,0,DAY,1925.4625,2022,False,False,False,False,False,True,23.3,0.0,44,29.252401230573415,7.2,False,False,1,1.0,0.0,1.0,-2.4492935982947064e-16,1,3
1,2022-11-21,1,DAY,1883.7357,2022,False,False,False,False,False,True,23.5,0.0,40,29.234683240730547,7.8,False,False,1,0.9629172873477994,0.2697967711570243,1.0,-2.4492935982947064e-16,1,3
2,2022-11-21,2,DAY,1892.0326,2022,False,False,False,False,False,True,23.4,0.0,42,29.234683240730547,8.1,False,False,1,0.8544194045464886,0.5195839500354336,1.0,-2.4492935982947064e-16,1,3
3,2022-11-21,3,DAY,1914.7524,2022,False,False,False,False,False,True,23.3,0.0,48,29.22877724411626,9.6,False,False,1,0.6825531432186541,0.730835964278124,1.0,-2.4492935982947064e-16,1,3
4,2022-11-21,4,DAY,1994.8971,2022,False,False,False,False,False,True,23.4,0.0,46,29.22287124750197,9.6,False,False,1,0.46006503773115215,0.8878852184023752,1.0,-2.4492935982947064e-16,1,3
5,2022-11-21,5,DAY,2136.1868,2022,False,False,False,False,False,True,23.6,0.0,42,29.214012252580535,9.6,False,False,1,0.20345601305263397,0.9790840876823228,1.0,-2.4492935982947064e-16,1,3
6,2022-11-21,6,DAY,2288.7007,2022,False,False,False,False,False,True,23.8,0.0,44,29.20810625596625,9.3,False,False,1,-0.06824241336467089,0.9976687691905392,1.0,-2.4492935982947064e-16,1,3
7,2022-11-21,7,DAY,2467.8567,2022,False,False,False,False,False,True,23.8,0.0,45,29.214012252580535,9.8,False,False,1,-0.33487961217098616,0.9422609221188205,1.0,-2.4492935982947064e-16,1,3
8,2022-11-21,8,DAY,2485.3894,2022,False,False,False,False,False,True,24.4,0.0,47,29.214012252580535,10.2,False,False,1,-0.576680322114867,0.8169698930104421,1.0,-2.4492935982947064e-16,1,3
9,2022-11-21,9,DAY,2395.6548,2022,False,False,False,False,False,True,28.6,0.0,41,29.214012252580535,12.3,False,False,1,-0.7757112907044197,0.631087944326053,1.0,-2.4492935982947064e-16,1,3
10,2022-11-21,10,DAY,2406.9258,2022,False,False,False,False,False,True,33.2,0.0,34,29.205153257659102,15.7,False,False,1,-0.9172113015054528,0.3984010898462418,1.0,-2.4492935982947064e-16,1,3
11,2022-11-21,11,DAY,2340.7063,2022,False,False,False,False,False,True,37.6,0.0,30,29.187435267816237,14.5,False,False,1,-0.9906859460363308,0.13616664909624665,1.0,-2.4492935982947064e-16,1,3
12,2022-11-21,12,DAY,2235.9636,2022,False,False,False,False,False,True,41.6,0.0,28,29.16381128135908,16.5,False,False,1,-0.9906859460363308,-0.13616664909624643,1.0,-2.4492935982947064e-16,1,3
13,2022-11-21,13,DAY,2188.1133,2022,False,False,False,False,False,True,44.1,0.0,25,29.14314029320907,17.1,False,False,1,-0.9172113015054532,-0.3984010898462412,1.0,-2.4492935982947064e-16,1,3
14,2022-11-21,14,DAY,2112.4202,2022,False,False,False,False,False,True,45.9,0.0,25,29.12246930505906,17.2,False,False,1,-0.7757112907044198,-0.6310879443260529,1.0,-2.4492935982947064e-16,1,3
15,2022-11-21,15,DAY,2051.6694,2022,False,False,False,False,False,True,46.5,0.0,21,29.116563308444768,17.1,False,False,1,-0.5766803221148673,-0.8169698930104419,1.0,-2.4492935982947064e-16,1,3
16,2022-11-21,16,DAY,2050.3728,2022,False,False,False,False,False,True,46.0,0.0,21,29.12246930505906,16.2,False,False,1,-0.3348796121709864,-0.9422609221188204,1.0,-2.4492935982947064e-16,1,3
17,2022-11-21,17,DAY,2167.9922,2022,False,False,False,False,False,True,42.7,0.0,26,29.134281298287636,12.4,False,False,1,-0.06824241336467135,-0.9976687691905392,1.0,-2.4492935982947064e-16,1,3
18,2022-11-21,18,DAY,2216.0176,2022,False,False,False,False,False,True,39.8,0.0,28,29.15790528474479,10.2,False,False,1,0.20345601305263328,-0.979084087682323,1.0,-2.4492935982947064e-16,1,3
19,2022-11-21,19,DAY,2218.5315,2022,False,False,False,False,False,True,38.1,0.0,29,29.18152927120195,9.9,False,False,1,0.4600650377311516,-0.8878852184023756,1.0,-2.4492935982947064e-16,1,3
20,2022-11-21,20,DAY,2204.5715,2022,False,False,False,False,False,True,36.7,0.0,32,29.199247261044814,8.9,False,False,1,0.6825531432186535,-0.7308359642781246,1.0,-2.4492935982947064e-16,1,3
21,2022-11-21,21,DAY,2215.1353,2022,False,False,False,False,False,True,35.8,0.0,34,29.205153257659102,9.0,False,False,1,0.8544194045464886,-0.5195839500354336,1.0,-2.4492935982947064e-16,1,3
22,2022-11-21,22,DAY,2134.452,2022,False,False,False,False,False,True,34.9,0.0,33,29.20810625596625,9.3,False,False,1,0.9629172873477992,-0.2697967711570244,1.0,-2.4492935982947064e-16,1,3
23,2022-11-21,23,DAY,2009.808,2022,False,False,False,False,False,True,34.0,0.0,35,29.214012252580535,9.5,False,False,1,1.0,-2.4492935982947064e-16,1.0,-2.4492935982947064e-16,1,3
0,2022-11-21,0,DEOK,2947.457,2022,False,False,False,False,False,True,20.0,0.0,52,29.435487125616373,3.7,False,False,1,1.0,0.0,1.0,-2.4492935982947064e-16,1,3
1,2022-11-21,1,DEOK,2922.9004,2022,False,False,False,False,False,True,19.9,0.0,48,29.423675132387796,5.6,False,False,1,0.9629172873477994,0.2697967711570243,1.0,-2.4492935982947064e-16,1,3
2,2022-11-21,2,DEOK,2989.772,2022,False,False,False,False,False,True,19.9,0.0,42,29.417769135773508,6.8,False,False,1,0.8544194045464886,0.5195839500354336,1.0,-2.4492935982947064e-16,1,3
3,2022-11-21,3,DEOK,2902.2646,2022,False,False,False,False,False,True,19.9,0.0,49,29.420722134080652,5.9,False,False,1,0.6825531432186541,0.730835964278124,1.0,-2.4492935982947064e-16,1,3
4,2022-11-21,4,DEOK,2924.588,2022,False,False,False,False,False,True,20.0,0.0,58,29.414816137466364,6.1,False,False,1,0.46006503773115215,0.8878852184023752,1.0,-2.4492935982947064e-16,1,3
5,2022-11-21,5,DEOK,3017.0918,2022,False,False,False,False,False,True,20.5,0.0,54,29.405957142544928,6.7,False,False,1,0.20345601305263397,0.9790840876823228,1.0,-2.4492935982947064e-16,1,3
6,2022-11-21,6,DEOK,3191.7112,2022,False,False,False,False,False,True,20.9,0.0,52,29.403004144237787,6.2,False,False,1,-0.06824241336467089,0.9976687691905392,1.0,-2.4492935982947064e-16,1,3
7,2022-11-21,7,DEOK,3395.9197,2022,False,False,False,False,False,True,20.9,0.0,50,29.414816137466364,7.7,False,False,1,-0.33487961217098616,0.9422609221188205,1.0,-2.4492935982947064e-16,1,3
8,2022-11-21,8,DEOK,3471.692,2022,False,False,False,False,False,True,21.8,0.0,52,29.420722134080652,7.9,False,False,1,-0.576680322114867,0.8169698930104421,1.0,-2.4492935982947064e-16,1,3
9,2022-11-21,9,DEOK,3348.973,2022,False,False,False,False,False,True,28.1,0.0,48,29.42662813069494,9.6,False,False,1,-0.7757112907044197,0.631087944326053,1.0,-2.4492935982947064e-16,1,3
10,2022-11-21,10,DEOK,3244.6016,2022,False,False,False,False,False,True,33.3,0.0,40,29.417769135773508,11.4,False,False,1,-0.9172113015054528,0.3984010898462418,1.0,-2.4492935982947064e-16,1,3
11,2022-11-21,11,DEOK,3212.4736,2022,False,False,False,False,False,True,37.5,0.0,34,29.41186313915922,13.1,False,False,1,-0.9906859460363308,0.13616664909624665,1.0,-2.4492935982947064e-16,1,3
12,2022-11-21,12,DEOK,3105.7,2022,False,False,False,False,False,True,41.1,0.0,29,29.388239152702063,13.1,False,False,1,-0.9906859460363308,-0.13616664909624643,1.0,-2.4492935982947064e-16,1,3
13,2022-11-21,13,DEOK,3083.048,2022,False,False,False,False,False,True,44.2,0.0,26,29.358709169630618,13.2,False,False,1,-0.9172113015054532,-0.3984010898462412,1.0,-2.4492935982947064e-16,1,3
14,2022-11-21,14,DEOK,3002.4543,2022,False,False,False,False,False,True,46.7,0.0,22,29.33508518317346,13.9,False,False,1,-0.7757112907044198,-0.6310879443260529,1.0,-2.4492935982947064e-16,1,3
15,2022-11-21,15,DEOK,2936.0781,2022,False,False,False,False,False,True,47.5,0.0,18,29.329179186559173,15.3,False,False,1,-0.5766803221148673,-0.8169698930104419,1.0,-2.4492935982947064e-16,1,3
16,2022-11-21,16,DEOK,2949.355,2022,False,False,False,False,False,True,47.1,0.0,20,29.329179186559173,14.0,False,False,1,-0.3348796121709864,-0.9422609221188204,1.0,-2.4492935982947064e-16,1,3
17,2022-11-21,17,DEOK,3149.969,2022,False,False,False,False,False,True,43.7,0.0,24,29.33508518317346,11.1,False,False,1,-0.06824241336467135,-0.9976687691905392,1.0,-2.4492935982947064e-16,1,3
18,2022-11-21,18,DEOK,3261.8396,2022,False,False,False,False,False,True,40.6,0.0,24,29.346897176402038,10.9,False,False,1,0.20345601305263328,-0.979084087682323,1.0,-2.4492935982947064e-16,1,3
19,2022-11-21,19,DEOK,3202.715,2022,False,False,False,False,False,True,39.4,0.0,24,29.373474161166342,12.5,False,False,1,0.4600650377311516,-0.8878852184023756,1.0,-2.4492935982947064e-16,1,3
20,2022-11-21,20,DEOK,3153.9473,2022,False,False,False,False,False,True,38.3,0.0,26,29.38528615439492,10.9,False,False,1,0.6825531432186535,-0.7308359642781246,1.0,-2.4492935982947064e-16,1,3
21,2022-11-21,21,DEOK,3056.8284,2022,False,False,False,False,False,True,36.9,0.0,28,29.391192151009207,10.3,False,False,1,0.8544194045464886,-0.5195839500354336,1.0,-2.4492935982947064e-16,1,3
22,2022-11-21,22,DEOK,2915.1567,2022,False,False,False,False,False,True,35.9,0.0,29,29.397098147623495,9.8,False,False,1,0.9629172873477992,-0.2697967711570244,1.0,-2.4492935982947064e-16,1,3
23,2022-11-21,23,DEOK,2697.4778,2022,False,False,False,False,False,True,34.5,0.0,31,29.403004144237787,8.4,False,False,1,1.0,-2.4492935982947064e-16,1.0,-2.4492935982947064e-16,1,3
0,2022-11-21,0,DOM,15107.135,2022,False,False,False,False,False,True,25.2,0.0,58,30.288903636381136,1.2,False,False,1,1.0,0.0,1.0,-2.4492935982947064e-16,1,3
1,2022-11-21,1,DOM,14660.954,2022,False,False,False,False,False,True,25.1,0.0,57,30.297762631302568,2.1,False,False,1,0.9629172873477994,0.2697967711570243,1.0,-2.4492935982947064e-16,1,3
2,2022-11-21,2,DOM,14585.426,2022,False,False,False,False,False,True,24.9,0.0,59,30.312527622838292,1.6,False,False,1,0.8544194045464886,0.5195839500354336,1.0,-2.4492935982947064e-16,1,3
3,2022-11-21,3,DOM,15196.391,2022,False,False,False,False,False,True,24.2,0.0,64,30.321386617759725,1.3,False,False,1,0.6825531432186541,0.730835964278124,1.0,-2.4492935982947064e-16,1,3
4,2022-11-21,4,DOM,15804.818,2022,False,False,False,False,False,True,23.8,0.0,66,30.31843361945258,2.1,False,False,1,0.46006503773115215,0.8878852184023752,1.0,-2.4492935982947064e-16,1,3
5,2022-11-21,5,DOM,16571.764,2022,False,False,False,False,False,True,23.7,0.0,72,30.31843361945258,1.6,False,False,1,0.20345601305263397,0.9790840876823228,1.0,-2.4492935982947064e-16,1,3
6,2022-11-21,6,DOM,17281.365,2022,False,False,False,False,False,True,23.7,0.0,64,30.315480621145433,2.3,False,False,1,-0.06824241336467089,0.9976687691905392,1.0,-2.4492935982947064e-16,1,3
7,2022-11-21,7,DOM,18769.396,2022,False,False,False,False,False,True,23.2,0.0,68,30.327292614374013,1.8,False,False,1,-0.33487961217098616,0.9422609221188205,1.0,-2.4492935982947064e-16,1,3
8,2022-11-21,8,DOM,18516.176,2022,False,False,False,False,False,True,26.1,0.0,70,30.330245612681153,3.0,False,False,1,-0.576680322114867,0.8169698930104421,1.0,-2.4492935982947064e-16,1,3
9,2022-11-21,9,DOM,15177.708,2022,False,False,False,False,False,True,34.5,0.0,66,30.333198610988305,3.5,False,False,1,-0.7757112907044197,0.631087944326053,1.0,-2.4492935982947064e-16,1,3
10,2022-11-21,10,DOM,14430.981,2022,False,False,False,False,False,True,40.8,0.0,53,30.324339616066872,5.7,False,False,1,-0.9172113015054528,0.3984010898462418,1.0,-2.4492935982947064e-16,1,3
11,2022-11-21,11,DOM,13333.614,2022,False,False,False,False,False,True,45.3,0.0,43,30.306621626224,10.1,False,False,1,-0.9906859460363308,0.13616664909624665,1.0,-2.4492935982947064e-16,1,3
12,2022-11-21,12,DOM,12737.089,2022,False,False,False,False,False,True,47.3,0.0,38,30.274138644845415,8.7,False,False,1,-0.9906859460363308,-0.13616664909624643,1.0,-2.4492935982947064e-16,1,3
13,2022-11-21,13,DOM,12264.129,2022,False,False,False,False,False,True,49.4,0.0,31,30.24165566346682,8.1,False,False,1,-0.9172113015054532,-0.3984010898462412,1.0,-2.4492935982947064e-16,1,3
14,2022-11-21,14,DOM,12065.78,2022,False,False,False,False,False,True,51.1,0.0,27,30.22098467531681,9.2,False,False,1,-0.7757112907044198,-0.6310879443260529,1.0,-2.4492935982947064e-16,1,3
15,2022-11-21,15,DOM,11979.662,2022,False,False,False,False,False,True,51.2,0.0,26,30.2003136871668,9.8,False,False,1,-0.5766803221148673,-0.8169698930104419,1.0,-2.4492935982947064e-16,1,3
16,2022-11-21,16,DOM,12713.946,2022,False,False,False,False,False,True,50.3,0.0,22,30.18850169393822,8.5,False,False,1,-0.3348796121709864,-0.9422609221188204,1.0,-2.4492935982947064e-16,1,3
17,2022-11-21,17,DOM,14033.171,2022,False,False,False,False,False,True,44.7,0.0,26,30.191454692245365,6.0,False,False,1,-0.06824241336467135,-0.9976687691905392,1.0,-2.4492935982947064e-16,1,3
18,2022-11-21,18,DOM,14311.678,2022,False,False,False,False,False,True,41.3,0.0,32,30.203266685473942,6.1,False,False,1,0.20345601305263328,-0.979084087682323,1.0,-2.4492935982947064e-16,1,3
19,2022-11-21,19,DOM,14439.43,2022,False,False,False,False,False,True,39.0,0.0,36,30.209172682088234,6.1,False,False,1,0.4600650377311516,-0.8878852184023756,1.0,-2.4492935982947064e-16,1,3
20,2022-11-21,20,DOM,14689.46,2022,False,False,False,False,False,True,37.6,0.0,40,30.209172682088234,6.3,False,False,1,0.6825531432186535,-0.7308359642781246,1.0,-2.4492935982947064e-16,1,3
21,2022-11-21,21,DOM,14321.294,2022,False,False,False,False,False,True,36.5,0.0,39,30.209172682088234,5.9,False,False,1,0.8544194045464886,-0.5195839500354336,1.0,-2.4492935982947064e-16,1,3
22,2022-11-21,22,DOM,13298.948,2022,False,False,False,False,False,True,36.3,0.0,41,30.22098467531681,7.0,False,False,1,0.9629172873477992,-0.2697967711570244,1.0,-2.4492935982947064e-16,1,3
23,2022-11-21,23,DOM,12747.853,2022,False,False,False,False,False,True,35.6,0.0,44,30.22098467531681,6.8,False,False,1,1.0,-2.4492935982947064e-16,1.0,-2.4492935982947064e-16,1,3
0,2022-11-21,0,DPL,2654.2852,2022,False,False,False,False,False,True,24.7,0.0,53,30.356822597445458,4.9,False,False,1,1.0,0.0,1.0,-2.4492935982947064e-16,1,3
1,2022-11-21,1,DPL,2536.81,2022,False,False,False,False,False,True,24.6,0.0,53,30.36568159236689,4.5,False,False,1,0.9629172873477994,0.2697967711570243,1.0,-2.4492935982947064e-16,1,3
2,2022-11-21,2,DPL,2611.5066,2022,False,False,False,False,False,True,24.2,0.0,56,30.374540587288323,3.3,False,False,1,0.8544194045464886,0.5195839500354336,1.0,-2.4492935982947064e-16,1,3
3,2022-11-21,3,DPL,2647.7258,2022,False,False,False,False,False,True,23.8,0.0,58,30.383399582209762,2.7,False,False,1,0.6825531432186541,0.730835964278124,1.0,-2.4492935982947064e-16,1,3
4,2022-11-21,4,DPL,2790.6785,2022,False,False,False,False,False,True,23.4,0.0,60,30.398164573745483,2.5,False,False,1,0.46006503773115215,0.8878852184023752,1.0,-2.4492935982947064e-16,1,3
5,2022-11-21,5,DPL,2905.1477,2022,False,False,False,False,False,True,22.9,0.0,60,30.412929565281207,2.7,False,False,1,0.20345601305263397,0.9790840876823228,1.0,-2.4492935982947064e-16,1,3
6,2022-11-21,6,DPL,3015.3591,2022,False,False,False,False,False,True,22.5,0.0,59,30.41883556189549,1.9,False,False,1,-0.06824241336467089,0.9976687691905392,1.0,-2.4492935982947064e-16,1,3
7,2022-11-21,7,DPL,3181.1853,2022,False,False,False,False,False,True,21.6,0.0,61,30.43655355173836,2.7,False,False,1,-0.33487961217098616,0.9422609221188205,1.0,-2.4492935982947064e-16,1,3
8,2022-11-21,8,DPL,3052.2288,2022,False,False,False,False,False,True,24.9,0.0,57,30.44245954835265,2.0,False,False,1,-0.576680322114867,0.8169698930104421,1.0,-2.4492935982947064e-16,1,3
9,2022-11-21,9,DPL,2627.2559,2022,False,False,False,False,False,True,31.6,0.0,40,30.44245954835265,2.5,False,False,1,-0.7757112907044197,0.631087944326053,1.0,-2.4492935982947064e-16,1,3
10,2022-11-21,10,DPL,2499.267,2022,False,False,False,False,False,True,35.7,0.0,34,30.43655355173836,3.6,False,False,1,-0.9172113015054528,0.3984010898462418,1.0,-2.4492935982947064e-16,1,3
11,2022-11-21,11,DPL,2344.2712,2022,False,False,False,False,False,True,38.0,0.0,32,30.404070570359767,5.1,False,False,1,-0.9906859460363308,0.13616664909624665,1.0,-2.4492935982947064e-16,1,3
12,2022-11-21,12,DPL,2270.6335,2022,False,False,False,False,False,True,41.0,0.0,28,30.359775595752602,6.4,False,False,1,-0.9906859460363308,-0.13616664909624643,1.0,-2.4492935982947064e-16,1,3
13,2022-11-21,13,DPL,2163.8994,2022,False,False,False,False,False,True,43.1,0.0,26,30.315480621145433,8.5,False,False,1,-0.9172113015054532,-0.3984010898462412,1.0,-2.4492935982947064e-16,1,3
14,2022-11-21,14,DPL,2165.8616,2022,False,False,False,False,False,True,43.9,0.0,28,30.285950638073988,8.1,False,False,1,-0.7757112907044198,-0.6310879443260529,1.0,-2.4492935982947064e-16,1,3
15,2022-11-21,15,DPL,2151.464,2022,False,False,False,False,False,True,43.7,0.0,27,30.271185646538264,10.7,False,False,1,-0.5766803221148673,-0.8169698930104419,1.0,-2.4492935982947064e-16,1,3
16,2022-11-21,16,DPL,2329.8167,2022,False,False,False,False,False,True,42.2,0.0,30,30.25937365330969,10.1,False,False,1,-0.3348796121709864,-0.9422609221188204,1.0,-2.4492935982947064e-16,1,3
17,2022-11-21,17,DPL,2486.7314,2022,False,False,False,False,False,True,38.6,0.0,39,30.253467656695403,7.0,False,False,1,-0.06824241336467135,-0.9976687691905392,1.0,-2.4492935982947064e-16,1,3
18,2022-11-21,18,DPL,2565.1719,2022,False,False,False,False,False,True,37.2,0.0,40,30.253467656695403,7.9,False,False,1,0.20345601305263328,-0.979084087682323,1.0,-2.4492935982947064e-16,1,3
19,2022-11-21,19,DPL,2469.7522,2022,False,False,False,False,False,True,36.9,0.0,53,30.256420655002543,9.0,False,False,1,0.4600650377311516,-0.8878852184023756,1.0,-2.4492935982947064e-16,1,3
20,2022-11-21,20,DPL,2459.3533,2022,False,False,False,False,False,True,36.3,0.0,63,30.25051465838826,9.1,False,False,1,0.6825531432186535,-0.7308359642781246,1.0,-2.4492935982947064e-16,1,3
21,2022-11-21,21,DPL,2316.303,2022,False,False,False,False,False,True,35.8,0.0,65,30.25051465838826,8.9,False,False,1,0.8544194045464886,-0.5195839500354336,1.0,-2.4492935982947064e-16,1,3
22,2022-11-21,22,DPL,2188.3206,2022,False,False,False,False,False,True,35.7,0.0,63,30.26232665161683,7.8,False,False,1,0.9629172873477992,-0.2697967711570244,1.0,-2.4492935982947064e-16,1,3
23,2022-11-21,23,DPL,2188.5588,2022,False,False,False,False,False,True,34.6,0.0,64,30.271185646538264,6.0,False,False,1,1.0,-2.4492935982947064e-16,1.0,-2.4492935982947064e-16,1,3
0,2022-11-21,0,DUQ,1406.0583,2022,False,False,False,False,False,True,18.8,0.0,63,29.13723429659478,2.5,False,False,1,1.0,0.0,1.0,-2.4492935982947064e-16,1,3
1,2022-11-21,1,DUQ,1396.1697,2022,False,False,False,False,False,True,18.1,0.0,63,29.128375301673344,3.8,False,False,1,0.9629172873477994,0.2697967711570243,1.0,-2.4492935982947064e-16,1,3
2,2022-11-21,2,DUQ,1392.9305,2022,False,False,False,False,False,True,17.7,0.0,64,29.12246930505906,4.0,False,False,1,0.8544194045464886,0.5195839500354336,1.0,-2.4492935982947064e-16,1,3
3,2022-11-21,3,DUQ,1398.8206,2022,False,False,False,False,False,True,17.8,0.0,63,29.12246930505906,3.5,False,False,1,0.6825531432186541,0.730835964278124,1.0,-2.4492935982947064e-16,1,3
4,2022-11-21,4,DUQ,1432.2495,2022,False,False,False,False,False,True,18.0,0.0,60,29.116563308444768,5.6,False,False,1,0.46006503773115215,0.8878852184023752,1.0,-2.4492935982947064e-16,1,3
5,2022-11-21,5,DUQ,1459.809,2022,False,False,False,False,False,True,19.1,0.0,57,29.11065731183048,5.3,False,False,1,0.20345601305263397,0.9790840876823228,1.0,-2.4492935982947064e-16,1,3
6,2022-11-21,6,DUQ,1551.4443,2022,False,False,False,False,False,True,19.1,0.0,60,29.101798316909047,5.0,False,False,1,-0.06824241336467089,0.9976687691905392,1.0,-2.4492935982947064e-16,1,3
7,2022-11-21,7,DUQ,1617.082,2022,False,False,False,False,False,True,18.8,0.0,62,29.11065731183048,4.5,False,False,1,-0.33487961217098616,0.9422609221188205,1.0,-2.4492935982947064e-16,1,3
8,2022-11-21,8,DUQ,1652.3362,2022,False,False,False,False,False,True,20.8,0.0,56,29.11065731183048,5.6,False,False,1,-0.576680322114867,0.8169698930104421,1.0,-2.4492935982947064e-16,1,3
9,2022-11-21,9,DUQ,1675.9199,2022,False,False,False,False,False,True,26.7,0.0,47,29.113610310137624,7.7,False,False,1,-0.7757112907044197,0.631087944326053,1.0,-2.4492935982947064e-16,1,3
10,2022-11-21,10,DUQ,1712.3881,2022,False,False,False,False,False,True,32.1,0.0,35,29.101798316909047,9.0,False,False,1,-0.9172113015054528,0.3984010898462418,1.0,-2.4492935982947064e-16,1,3
11,2022-11-21,11,DUQ,1656.722,2022,False,False,False,False,False,True,37.4,0.0,30,29.075221332144746,12.5,False,False,1,-0.9906859460363308,0.13616664909624665,1.0,-2.4492935982947064e-16,1,3
12,2022-11-21,12,DUQ,1599.5846,2022,False,False,False,False,False,True,39.8,0.0,31,29.03978535245901,12.5,False,False,1,-0.9906859460363308,-0.13616664909624643,1.0,-2.4492935982947064e-16,1,3
13,2022-11-21,13,DUQ,1555.7734,2022,False,False,False,False,False,True,41.8,0.0,30,29.00730237108042,13.5,False,False,1,-0.9172113015054532,-0.3984010898462412,1.0,-2.4492935982947064e-16,1,3
14,2022-11-21,14,DUQ,1539.4391,2022,False,False,False,False,False,True,43.3,0.0,31,28.989584381237556,14.6,False,False,1,-0.7757112907044198,-0.6310879443260529,1.0,-2.4492935982947064e-16,1,3
15,2022-11-21,15,DUQ,1531.045,2022,False,False,False,False,False,True,43.2,0.0,31,28.983678384623268,14.9,False,False,1,-0.5766803221148673,-0.8169698930104419,1.0,-2.4492935982947064e-16,1,3
16,2022-11-21,16,DUQ,1558.0975,2022,False,False,False,False,False,True,42.1,0.0,34,28.983678384623268,13.1,False,False,1,-0.3348796121709864,-0.9422609221188204,1.0,-2.4492935982947064e-16,1,3
17,2022-11-21,17,DUQ,1636.1294,2022,False,False,False,False,False,True,38.2,0.0,40,28.989584381237556,10.7,False,False,1,-0.06824241336467135,-0.9976687691905392,1.0,-2.4492935982947064e-16,1,3
18,2022-11-21,18,DUQ,1630.4537,2022,False,False,False,False,False,True,36.6,0.0,44,29.00730237108042,10.3,False,False,1,0.20345601305263328,-0.979084087682323,1.0,-2.4492935982947064e-16,1,3
19,2022-11-21,19,DUQ,1610.2571,2022,False,False,False,False,False,True,35.0,0.0,48,29.030926357537577,9.7,False,False,1,0.4600650377311516,-0.8878852184023756,1.0,-2.4492935982947064e-16,1,3
20,2022-11-21,20,DUQ,1575.0704,2022,False,False,False,False,False,True,34.2,0.0,51,29.048644347380446,10.5,False,False,1,0.6825531432186535,-0.7308359642781246,1.0,-2.4492935982947064e-16,1,3
21,2022-11-21,21,DUQ,1513.0669,2022,False,False,False,False,False,True,33.2,0.0,54,29.057503342301878,9.9,False,False,1,0.8544194045464886,-0.5195839500354336,1.0,-2.4492935982947064e-16,1,3
22,2022-11-21,22,DUQ,1432.0886,2022,False,False,False,False,False,True,32.3,0.0,58,29.069315335530455,8.9,False,False,1,0.9629172873477992,-0.2697967711570244,1.0,-2.4492935982947064e-16,1,3
23,2022-11-21,23,DUQ,1390.8907,2022,False,False,False,False,False,True,32.1,0.0,59,29.072268333837602,8.2,False,False,1,1.0,-2.4492935982947064e-16,1.0,-2.4492935982947064e-16,1,3
0,2022-11-21,0,EKPC,2049.2388,2022,False,False,False,False,False,True,20.6,0.0,53,29.338038181480606,4.7,False,False,1,1.0,0.0,1.0,-2.4492935982947064e-16,1,3
1,2022-11-21,1,EKPC,1967.9758,2022,False,False,False,False,False,True,20.5,0.0,50,29.32622618825203,4.3,False,False,1,0.9629172873477994,0.2697967711570243,1.0,-2.4492935982947064e-16,1,3
2,2022-11-21,2,EKPC,2142.1003,2022,False,False,False,False,False,True,19.1,0.0,58,29.32622618825203,3.6,False,False,1,0.8544194045464886,0.5195839500354336,1.0,-2.4492935982947064e-16,1,3
3,2022-11-21,3,EKPC,2184.537,2022,False,False,False,False,False,True,17.9,0.0,62,29.32622618825203,4.7,False,False,1,0.6825531432186541,0.730835964278124,1.0,-2.4492935982947064e-16,1,3
4,2022-11-21,4,EKPC,2249.5046,2022,False,False,False,False,False,True,16.7,0.0,66,29.320320191637737,5.4,False,False,1,0.46006503773115215,0.8878852184023752,1.0,-2.4492935982947064e-16,1,3
5,2022-11-21,5,EKPC,2403.6997,2022,False,False,False,False,False,True,17.5,0.0,61,29.311461196716305,3.7,False,False,1,0.20345601305263397,0.9790840876823228,1.0,-2.4492935982947064e-16,1,3
6,2022-11-21,6,EKPC,2547.1453,2022,False,False,False,False,False,True,17.9,0.0,59,29.311461196716305,4.9,False,False,1,-0.06824241336467089,0.9976687691905392,1.0,-2.4492935982947064e-16,1,3
7,2022-11-21,7,EKPC,2627.4,2022,False,False,False,False,False,True,18.5,0.0,58,29.32622618825203,5.7,False,False,1,-0.33487961217098616,0.9422609221188205,1.0,-2.4492935982947064e-16,1,3
8,2022-11-21,8,EKPC,2465.986,2022,False,False,False,False,False,True,19.6,0.0,61,29.338038181480606,4.9,False,False,1,-0.576680322114867,0.8169698930104421,1.0,-2.4492935982947064e-16,1,3
9,2022-11-21,9,EKPC,2131.4478,2022,False,False,False,False,False,True,27.8,0.0,52,29.349850174709182,6.9,False,False,1,-0.7757112907044197,0.631087944326053,1.0,-2.4492935982947064e-16,1,3
10,2022-11-21,10,EKPC,1762.8219,2022,False,False,False,False,False,True,35.0,0.0,40,29.343944178094898,9.5,False,False,1,-0.9172113015054528,0.3984010898462418,1.0,-2.4492935982947064e-16,1,3
11,2022-11-21,11,EKPC,1686.1184,2022,False,False,False,False,False,True,40.3,0.0,30,29.34099117978775,12.1,False,False,1,-0.9906859460363308,0.13616664909624665,1.0,-2.4492935982947064e-16,1,3
12,2022-11-21,12,EKPC,1569.246,2022,False,False,False,False,False,True,43.5,0.0,25,29.323273189944885,11.1,False,False,1,-0.9906859460363308,-0.13616664909624643,1.0,-2.4492935982947064e-16,1,3
13,2022-11-21,13,EKPC,1519.5538,2022,False,False,False,False,False,True,46.3,0.0,23,29.293743206873437,11.7,False,False,1,-0.9172113015054532,-0.3984010898462412,1.0,-2.4492935982947064e-16,1,3
14,2022-11-21,14,EKPC,1452.9323,2022,False,False,False,False,False,True,48.3,0.0,23,29.26716622210914,11.9,False,False,1,-0.7757112907044198,-0.6310879443260529,1.0,-2.4492935982947064e-16,1,3
15,2022-11-21,15,EKPC,1437.1353,2022,False,False,False,False,False,True,48.5,0.0,18,29.258307227187704,12.3,False,False,1,-0.5766803221148673,-0.8169698930104419,1.0,-2.4492935982947064e-16,1,3
16,2022-11-21,16,EKPC,1425.1454,2022,False,False,False,False,False,True,48.1,0.0,15,29.258307227187704,11.2,False,False,1,-0.3348796121709864,-0.9422609221188204,1.0,-2.4492935982947064e-16,1,3
17,2022-11-21,17,EKPC,1457.8223,2022,False,False,False,False,False,True,44.6,0.0,17,29.258307227187704,8.5,False,False,1,-0.06824241336467135,-0.9976687691905392,1.0,-2.4492935982947064e-16,1,3
18,2022-11-21,18,EKPC,1674.9537,2022,False,False,False,False,False,True,39.7,0.0,21,29.270119220416284,6.8,False,False,1,0.20345601305263328,-0.979084087682323,1.0,-2.4492935982947064e-16,1,3
19,2022-11-21,19,EKPC,1743.5399,2022,False,False,False,False,False,True,37.0,0.0,24,29.28783721025915,6.2,False,False,1,0.4600650377311516,-0.8878852184023756,1.0,-2.4492935982947064e-16,1,3
20,2022-11-21,20,EKPC,1776.9594,2022,False,False,False,False,False,True,34.8,0.0,29,29.29964920348773,6.3,False,False,1,0.6825531432186535,-0.7308359642781246,1.0,-2.4492935982947064e-16,1,3
21,2022-11-21,21,EKPC,1911.6584,2022,False,False,False,False,False,True,33.2,0.0,31,29.30850819840916,5.8,False,False,1,0.8544194045464886,-0.5195839500354336,1.0,-2.4492935982947064e-16,1,3
22,2022-11-21,22,EKPC,1865.4368,2022,False,False,False,False,False,True,31.8,0.0,31,29.314414195023453,5.6,False,False,1,0.9629172873477992,-0.2697967711570244,1.0,-2.4492935982947064e-16,1,3
23,2022-11-21,23,EKPC,1795.4148,2022,False,False,False,False,False,True,30.5,0.0,32,29.314414195023453,5.9,False,False,1,1.0,-2.4492935982947064e-16,1.0,-2.4492935982947064e-16,1,3
0,2022-11-21,0,JC,2085.5654,2022,False,False,False,False,False,True,29.8,0.0,42,30.371587588981182,6.9,False,False,1,1.0,0.0,1.0,-2.4492935982947064e-16,1,3
1,2022-11-21,1,JC,2031.4089,2022,False,False,False,False,False,True,29.9,0.0,41,30.380446583902614,7.8,False,False,1,0.9629172873477994,0.2697967711570243,1.0,-2.4492935982947064e-16,1,3
2,2022-11-21,2,JC,2083.193,2022,False,False,False,False,False,True,29.1,0.0,48,30.392258577131194,5.4,False,False,1,0.8544194045464886,0.5195839500354336,1.0,-2.4492935982947064e-16,1,3
3,2022-11-21,3,JC,2064.1375,2022,False,False,False,False,False,True,29.0,0.0,50,30.407023568666915,4.4,False,False,1,0.6825531432186541,0.730835964278124,1.0,-2.4492935982947064e-16,1,3
4,2022-11-21,4,JC,2106.3938,2022,False,False,False,False,False,True,28.2,0.0,56,30.42474155850978,4.4,False,False,1,0.46006503773115215,0.8878852184023752,1.0,-2.4492935982947064e-16,1,3
5,2022-11-21,5,JC,2344.302,2022,False,False,False,False,False,True,26.0,0.0,57,30.439506550045504,3.8,False,False,1,0.20345601305263397,0.9790840876823228,1.0,-2.4492935982947064e-16,1,3
6,2022-11-21,6,JC,2619.528,2022,False,False,False,False,False,True,24.5,0.0,62,30.454271541581225,3.5,False,False,1,-0.06824241336467089,0.9976687691905392,1.0,-2.4492935982947064e-16,1,3
7,2022-11-21,7,JC,2721.1443,2022,False,False,False,False,False,True,25.1,0.0,58,30.474942529731237,2.8,False,False,1,-0.33487961217098616,0.9422609221188205,1.0,-2.4492935982947064e-16,1,3
8,2022-11-21,8,JC,2687.081,2022,False,False,False,False,False,True,27.3,0.0,52,30.492660519574102,5.0,False,False,1,-0.576680322114867,0.8169698930104421,1.0,-2.4492935982947064e-16,1,3
9,2022-11-21,9,JC,2599.2559,2022,False,False,False,False,False,True,30.6,0.0,50,30.492660519574102,5.3,False,False,1,-0.7757112907044197,0.631087944326053,1.0,-2.4492935982947064e-16,1,3
10,2022-11-21,10,JC,2417.9683,2022,False,False,False,False,False,True,33.6,0.0,44,30.474942529731237,6.4,False,False,1,-0.9172113015054528,0.3984010898462418,1.0,-2.4492935982947064e-16,1,3
11,2022-11-21,11,JC,2375.1106,2022,False,False,False,False,False,True,35.9,0.0,41,30.454271541581225,8.1,False,False,1,-0.9906859460363308,0.13616664909624665,1.0,-2.4492935982947064e-16,1,3
12,2022-11-21,12,JC,2275.7837,2022,False,False,False,False,False,True,37.7,0.0,37,30.40997656697406,9.2,False,False,1,-0.9906859460363308,-0.13616664909624643,1.0,-2.4492935982947064e-16,1,3
13,2022-11-21,13,JC,2221.6433,2022,False,False,False,False,False,True,39.2,0.0,34,30.359775595752602,9.8,False,False,1,-0.9172113015054532,-0.3984010898462412,1.0,-2.4492935982947064e-16,1,3
14,2022-11-21,14,JC,2206.986,2022,False,False,False,False,False,True,40.5,0.0,28,30.327292614374013,10.1,False,False,1,-0.7757112907044198,-0.6310879443260529,1.0,-2.4492935982947064e-16,1,3
15,2022-11-21,15,JC,2339.288,2022,False,False,False,False,False,True,40.6,0.0,27,30.312527622838292,10.8,False,False,1,-0.5766803221148673,-0.8169698930104419,1.0,-2.4492935982947064e-16,1,3
16,2022-11-21,16,JC,2559.2637,2022,False,False,False,False,False,True,39.3,0.0,27,30.297762631302568,8.4,False,False,1,-0.3348796121709864,-0.9422609221188204,1.0,-2.4492935982947064e-16,1,3
17,2022-11-21,17,JC,2966.016,2022,False,False,False,False,False,True,35.6,0.0,32,30.288903636381136,5.4,False,False,1,-0.06824241336467135,-0.9976687691905392,1.0,-2.4492935982947064e-16,1,3
18,2022-11-21,18,JC,3007.8877,2022,False,False,False,False,False,True,33.6,0.0,35,30.29185663468828,5.8,False,False,1,0.20345601305263328,-0.979084087682323,1.0,-2.4492935982947064e-16,1,3
19,2022-11-21,19,JC,2941.8555,2022,False,False,False,False,False,True,32.6,0.0,40,30.285950638073988,6.4,False,False,1,0.4600650377311516,-0.8878852184023756,1.0,-2.4492935982947064e-16,1,3
20,2022-11-21,20,JC,2848.0696,2022,False,False,False,False,False,True,32.6,0.0,47,30.277091643152556,6.8,False,False,1,0.6825531432186535,-0.7308359642781246,1.0,-2.4492935982947064e-16,1,3
21,2022-11-21,21,JC,2739.994,2022,False,False,False,False,False,True,31.6,0.0,54,30.268232648231123,4.8,False,False,1,0.8544194045464886,-0.5195839500354336,1.0,-2.4492935982947064e-16,1,3
22,2022-11-21,22,JC,2528.0627,2022,False,False,False,False,False,True,31.9,0.0,57,30.277091643152556,1.9,False,False,1,0.9629172873477992,-0.2697967711570244,1.0,-2.4492935982947064e-16,1,3
23,2022-11-21,23,JC,2301.305,2022,False,False,False,False,False,True,32.0,0.0,64,30.277091643152556,4.1,False,False,1,1.0,-2.4492935982947064e-16,1.0,-2.4492935982947064e-16,1,3
0,2022-11-21,0,ME,1816.8806,2022,False,False,False,False,False,True,25.5,0.0,51,30.117629734566755,5.1,False,False,1,1.0,0.0,1.0,-2.4492935982947064e-16,1,3
1,2022-11-21,1,ME,1748.8356,2022,False,False,False,False,False,True,23.1,0.0,61,30.123535731181043,3.0,False,False,1,0.9629172873477994,0.2697967711570243,1.0,-2.4492935982947064e-16,1,3
2,2022-11-21,2,ME,1706.6641,2022,False,False,False,False,False,True,22.7,0.0,61,30.123535731181043,1.2,False,False,1,0.8544194045464886,0.5195839500354336,1.0,-2.4492935982947064e-16,1,3
3,2022-11-21,3,ME,1721.6605,2022,False,False,False,False,False,True,22.4,0.0,61,30.123535731181043,2.3,False,False,1,0.6825531432186541,0.730835964278124,1.0,-2.4492935982947064e-16,1,3
4,2022-11-21,4,ME,1801.6045,2022,False,False,False,False,False,True,21.6,0.0,66,30.13534772440962,1.9,False,False,1,0.46006503773115215,0.8878852184023752,1.0,-2.4492935982947064e-16,1,3
5,2022-11-21,5,ME,1930.0546,2022,False,False,False,False,False,True,20.7,0.0,63,30.1471597176382,2.3,False,False,1,0.20345601305263397,0.9790840876823228,1.0,-2.4492935982947064e-16,1,3
6,2022-11-21,6,ME,2188.6846,2022,False,False,False,False,False,True,20.4,0.0,65,30.156018712559632,2.9,False,False,1,-0.06824241336467089,0.9976687691905392,1.0,-2.4492935982947064e-16,1,3
7,2022-11-21,7,ME,2286.8135,2022,False,False,False,False,False,True,19.8,0.0,66,30.167830705788212,2.7,False,False,1,-0.33487961217098616,0.9422609221188205,1.0,-2.4492935982947064e-16,1,3
8,2022-11-21,8,ME,2302.2983,2022,False,False,False,False,False,True,22.7,0.0,72,30.173736702402497,2.2,False,False,1,-0.576680322114867,0.8169698930104421,1.0,-2.4492935982947064e-16,1,3
9,2022-11-21,9,ME,2204.215,2022,False,False,False,False,False,True,28.6,0.0,54,30.176689700709645,3.0,False,False,1,-0.7757112907044197,0.631087944326053,1.0,-2.4492935982947064e-16,1,3
10,2022-11-21,10,ME,2088.0034,2022,False,False,False,False,False,True,34.1,0.0,38,30.153065714252488,6.4,False,False,1,-0.9172113015054528,0.3984010898462418,1.0,-2.4492935982947064e-16,1,3
11,2022-11-21,11,ME,2041.1431,2022,False,False,False,False,False,True,36.8,0.0,35,30.117629734566755,8.5,False,False,1,-0.9906859460363308,0.13616664909624665,1.0,-2.4492935982947064e-16,1,3
12,2022-11-21,12,ME,2001.035,2022,False,False,False,False,False,True,40.2,0.0,32,30.067428763345298,9.8,False,False,1,-0.9906859460363308,-0.13616664909624643,1.0,-2.4492935982947064e-16,1,3
13,2022-11-21,13,ME,1961.1409,2022,False,False,False,False,False,True,42.4,0.0,30,30.026086787045273,9.7,False,False,1,-0.9172113015054532,-0.3984010898462412,1.0,-2.4492935982947064e-16,1,3
14,2022-11-21,14,ME,1879.9827,2022,False,False,False,False,False,True,43.8,0.0,31,29.999509802280972,10.1,False,False,1,-0.7757112907044198,-0.6310879443260529,1.0,-2.4492935982947064e-16,1,3
15,2022-11-21,15,ME,1886.1747,2022,False,False,False,False,False,True,43.9,0.0,31,29.981791812438107,11.2,False,False,1,-0.5766803221148673,-0.8169698930104419,1.0,-2.4492935982947064e-16,1,3
16,2022-11-21,16,ME,1984.0126,2022,False,False,False,False,False,True,42.7,0.0,30,29.969979819209527,9.7,False,False,1,-0.3348796121709864,-0.9422609221188204,1.0,-2.4492935982947064e-16,1,3
17,2022-11-21,17,ME,2139.9697,2022,False,False,False,False,False,True,38.2,0.0,37,29.967026820902383,6.3,False,False,1,-0.06824241336467135,-0.9976687691905392,1.0,-2.4492935982947064e-16,1,3
18,2022-11-21,18,ME,2162.0723,2022,False,False,False,False,False,True,35.4,0.0,43,29.972932817516675,6.3,False,False,1,0.20345601305263328,-0.979084087682323,1.0,-2.4492935982947064e-16,1,3
19,2022-11-21,19,ME,2155.8132,2022,False,False,False,False,False,True,33.6,0.0,50,29.978838814130963,6.0,False,False,1,0.4600650377311516,-0.8878852184023756,1.0,-2.4492935982947064e-16,1,3
20,2022-11-21,20,ME,2053.692,2022,False,False,False,False,False,True,32.8,0.0,50,29.99065080735954,5.6,False,False,1,0.6825531432186535,-0.7308359642781246,1.0,-2.4492935982947064e-16,1,3
21,2022-11-21,21,ME,1945.1686,2022,False,False,False,False,False,True,33.1,0.0,44,29.999509802280972,4.1,False,False,1,0.8544194045464886,-0.5195839500354336,1.0,-2.4492935982947064e-16,1,3
22,2022-11-21,22,ME,1921.3074,2022,False,False,False,False,False,True,32.0,0.0,45,30.01722779212384,3.4,False,False,1,0.9629172873477992,-0.2697967711570244,1.0,-2.4492935982947064e-16,1,3
23,2022-11-21,23,ME,1830.5387,2022,False,False,False,False,False,True,31.3,0.0,48,30.020180790430985,1.6,False,False,1,1.0,-2.4492935982947064e-16,1.0,-2.4492935982947064e-16,1,3
0,2022-11-21,0,ATSI,7088.385,2022,False,False,False,False,False,True,21.7,0.0,49,29.48568809683783,6.0,False,False,1,1.0,0.0,1.0,-2.4492935982947064e-16,1,3
1,2022-11-21,1,ATSI,6972.236,2022,False,False,False,False,False,True,23.1,0.0,48,29.47092310530211,5.8,False,False,1,0.9629172873477994,0.2697967711570243,1.0,-2.4492935982947064e-16,1,3
2,2022-11-21,2,ATSI,6727.86,2022,False,False,False,False,False,True,23.9,0.0,46,29.462064110380677,5.6,False,False,1,0.8544194045464886,0.5195839500354336,1.0,-2.4492935982947064e-16,1,3
3,2022-11-21,3,ATSI,6841.3726,2022,False,False,False,False,False,True,23.8,0.0,42,29.447299118844953,6.4,False,False,1,0.6825531432186541,0.730835964278124,1.0,-2.4492935982947064e-16,1,3
4,2022-11-21,4,ATSI,6969.336,2022,False,False,False,False,False,True,24.3,0.0,44,29.432534127309232,7.8,False,False,1,0.46006503773115215,0.8878852184023752,1.0,-2.4492935982947064e-16,1,3
5,2022-11-21,5,ATSI,7455.754,2022,False,False,False,False,False,True,25.6,0.0,42,29.414816137466364,9.6,False,False,1,0.20345601305263397,0.9790840876823228,1.0,-2.4492935982947064e-16,1,3
6,2022-11-21,6,ATSI,8162.2656,2022,False,False,False,False,False,True,26.0,0.0,39,29.403004144237787,10.1,False,False,1,-0.06824241336467089,0.9976687691905392,1.0,-2.4492935982947064e-16,1,3
7,2022-11-21,7,ATSI,8785.055,2022,False,False,False,False,False,True,25.4,0.0,38,29.397098147623495,10.8,False,False,1,-0.33487961217098616,0.9422609221188205,1.0,-2.4492935982947064e-16,1,3
8,2022-11-21,8,ATSI,8792.409,2022,False,False,False,False,False,True,27.0,0.0,36,29.391192151009207,12.2,False,False,1,-0.576680322114867,0.8169698930104421,1.0,-2.4492935982947064e-16,1,3
9,2022-11-21,9,ATSI,8863.787,2022,False,False,False,False,False,True,30.0,0.0,36,29.391192151009207,12.4,False,False,1,-0.7757112907044197,0.631087944326053,1.0,-2.4492935982947064e-16,1,3
10,2022-11-21,10,ATSI,8856.493,2022,False,False,False,False,False,True,34.4,0.0,31,29.36756816455205,15.2,False,False,1,-0.9172113015054528,0.3984010898462418,1.0,-2.4492935982947064e-16,1,3
11,2022-11-21,11,ATSI,8598.847,2022,False,False,False,False,False,True,38.9,0.0,27,29.346897176402038,16.3,False,False,1,-0.9906859460363308,0.13616664909624665,1.0,-2.4492935982947064e-16,1,3
12,2022-11-21,12,ATSI,8304.7,2022,False,False,False,False,False,True,42.1,0.0,26,29.314414195023453,17.1,False,False,1,-0.9906859460363308,-0.13616664909624643,1.0,-2.4492935982947064e-16,1,3
13,2022-11-21,13,ATSI,8039.8657,2022,False,False,False,False,False,True,44.6,0.0,26,29.293743206873437,17.0,False,False,1,-0.9172113015054532,-0.3984010898462412,1.0,-2.4492935982947064e-16,1,3
14,2022-11-21,14,ATSI,7755.0283,2022,False,False,False,False,False,True,46.1,0.0,26,29.276025217030572,16.7,False,False,1,-0.7757112907044198,-0.6310879443260529,1.0,-2.4492935982947064e-16,1,3
15,2022-11-21,15,ATSI,7632.9355,2022,False,False,False,False,False,True,46.2,0.0,24,29.276025217030572,18.6,False,False,1,-0.5766803221148673,-0.8169698930104419,1.0,-2.4492935982947064e-16,1,3
16,2022-11-21,16,ATSI,7567.78,2022,False,False,False,False,False,True,45.5,0.0,23,29.290790208566293,16.6,False,False,1,-0.3348796121709864,-0.9422609221188204,1.0,-2.4492935982947064e-16,1,3
17,2022-11-21,17,ATSI,8159.313,2022,False,False,False,False,False,True,42.3,0.0,26,29.311461196716305,12.7,False,False,1,-0.06824241336467135,-0.9976687691905392,1.0,-2.4492935982947064e-16,1,3
18,2022-11-21,18,ATSI,8371.268,2022,False,False,False,False,False,True,39.4,0.0,31,29.346897176402038,10.0,False,False,1,0.20345601305263328,-0.979084087682323,1.0,-2.4492935982947064e-16,1,3
19,2022-11-21,19,ATSI,8352.197,2022,False,False,False,False,False,True,37.4,0.0,34,29.379380157780627,8.7,False,False,1,0.4600650377311516,-0.8878852184023756,1.0,-2.4492935982947064e-16,1,3
20,2022-11-21,20,ATSI,8150.732,2022,False,False,False,False,False,True,35.6,0.0,40,29.40005114593064,7.9,False,False,1,0.6825531432186535,-0.7308359642781246,1.0,-2.4492935982947064e-16,1,3
21,2022-11-21,21,ATSI,7962.1636,2022,False,False,False,False,False,True,34.2,0.0,47,29.41186313915922,7.3,False,False,1,0.8544194045464886,-0.5195839500354336,1.0,-2.4492935982947064e-16,1,3
22,2022-11-21,22,ATSI,7708.9736,2022,False,False,False,False,False,True,32.1,0.0,56,29.423675132387796,4.9,False,False,1,0.9629172873477992,-0.2697967711570244,1.0,-2.4492935982947064e-16,1,3
23,2022-11-21,23,ATSI,7197.075,2022,False,False,False,False,False,True,31.3,0.0,61,29.432534127309232,4.0,False,False,1,1.0,-2.4492935982947064e-16,1.0,-2.4492935982947064e-16,1,3
0,2022-11-21,0,OVEC,25.744253,2022,False,False,False,False,False,True,21.1,0.0,53,29.49159409345212,4.2,False,False,1,1.0,0.0,1.0,-2.4492935982947064e-16,1,3
1,2022-11-21,1,OVEC,29.373947,2022,False,False,False,False,False,True,21.0,0.0,50,29.473876103609253,3.8,False,False,1,0.9629172873477994,0.2697967711570243,1.0,-2.4492935982947064e-16,1,3
2,2022-11-21,2,OVEC,27.395218,2022,False,False,False,False,False,True,20.5,0.0,52,29.476829101916397,4.0,False,False,1,0.8544194045464886,0.5195839500354336,1.0,-2.4492935982947064e-16,1,3
3,2022-11-21,3,OVEC,26.284742,2022,False,False,False,False,False,True,20.2,0.0,53,29.473876103609253,5.0,False,False,1,0.6825531432186541,0.730835964278124,1.0,-2.4492935982947064e-16,1,3
4,2022-11-21,4,OVEC,26.439638,2022,False,False,False,False,False,True,20.5,0.0,55,29.465017108687817,5.4,False,False,1,0.46006503773115215,0.8878852184023752,1.0,-2.4492935982947064e-16,1,3
5,2022-11-21,5,OVEC,29.86692,2022,False,False,False,False,False,True,20.6,0.0,55,29.459111112073533,5.0,False,False,1,0.20345601305263397,0.9790840876823228,1.0,-2.4492935982947064e-16,1,3
6,2022-11-21,6,OVEC,30.209822,2022,False,False,False,False,False,True,20.6,0.0,55,29.450252117152097,4.5,False,False,1,-0.06824241336467089,0.9976687691905392,1.0,-2.4492935982947064e-16,1,3
7,2022-11-21,7,OVEC,25.991009,2022,False,False,False,False,False,True,20.8,0.0,52,29.459111112073533,4.2,False,False,1,-0.33487961217098616,0.9422609221188205,1.0,-2.4492935982947064e-16,1,3
8,2022-11-21,8,OVEC,29.48609,2022,False,False,False,False,False,True,21.8,0.0,55,29.465017108687817,4.0,False,False,1,-0.576680322114867,0.8169698930104421,1.0,-2.4492935982947064e-16,1,3
9,2022-11-21,9,OVEC,28.928513,2022,False,False,False,False,False,True,26.8,0.0,49,29.465017108687817,7.8,False,False,1,-0.7757112907044197,0.631087944326053,1.0,-2.4492935982947064e-16,1,3
10,2022-11-21,10,OVEC,29.560923,2022,False,False,False,False,False,True,31.9,0.0,39,29.450252117152097,10.0,False,False,1,-0.9172113015054528,0.3984010898462418,1.0,-2.4492935982947064e-16,1,3
11,2022-11-21,11,OVEC,32.021927,2022,False,False,False,False,False,True,36.6,0.0,34,29.429581129002088,11.2,False,False,1,-0.9906859460363308,0.13616664909624665,1.0,-2.4492935982947064e-16,1,3
12,2022-11-21,12,OVEC,31.598705,2022,False,False,False,False,False,True,41.6,0.0,27,29.40005114593064,12.0,False,False,1,-0.9906859460363308,-0.13616664909624643,1.0,-2.4492935982947064e-16,1,3
13,2022-11-21,13,OVEC,31.525934,2022,False,False,False,False,False,True,44.3,0.0,26,29.376427159473483,13.7,False,False,1,-0.9172113015054532,-0.3984010898462412,1.0,-2.4492935982947064e-16,1,3
14,2022-11-21,14,OVEC,35.28596,2022,False,False,False,False,False,True,45.8,0.0,26,29.355756171323474,14.0,False,False,1,-0.7757112907044198,-0.6310879443260529,1.0,-2.4492935982947064e-16,1,3
15,2022-11-21,15,OVEC,39.971706,2022,False,False,False,False,False,True,45.8,0.0,25,29.349850174709182,14.6,False,False,1,-0.5766803221148673,-0.8169698930104419,1.0,-2.4492935982947064e-16,1,3
16,2022-11-21,16,OVEC,37.09758,2022,False,False,False,False,False,True,46.0,0.0,25,29.355756171323474,13.5,False,False,1,-0.3348796121709864,-0.9422609221188204,1.0,-2.4492935982947064e-16,1,3
17,2022-11-21,17,OVEC,35.74469,2022,False,False,False,False,False,True,42.4,0.0,28,29.361662167937762,8.7,False,False,1,-0.06824241336467135,-0.9976687691905392,1.0,-2.4492935982947064e-16,1,3
18,2022-11-21,18,OVEC,40.32887,2022,False,False,False,False,False,True,38.0,0.0,34,29.382333156087775,5.3,False,False,1,0.20345601305263328,-0.979084087682323,1.0,-2.4492935982947064e-16,1,3
19,2022-11-21,19,OVEC,41.590862,2022,False,False,False,False,False,True,34.7,0.0,36,29.405957142544928,4.5,False,False,1,0.4600650377311516,-0.8878852184023756,1.0,-2.4492935982947064e-16,1,3
20,2022-11-21,20,OVEC,40.33749,2022,False,False,False,False,False,True,33.5,0.0,35,29.42662813069494,5.9,False,False,1,0.6825531432186535,-0.7308359642781246,1.0,-2.4492935982947064e-16,1,3
21,2022-11-21,21,OVEC,37.727875,2022,False,False,False,False,False,True,31.8,0.0,38,29.435487125616373,5.7,False,False,1,0.8544194045464886,-0.5195839500354336,1.0,-2.4492935982947064e-16,1,3
22,2022-11-21,22,OVEC,39.398354,2022,False,False,False,False,False,True,30.8,0.0,42,29.438440123923517,5.5,False,False,1,0.9629172873477992,-0.2697967711570244,1.0,-2.4492935982947064e-16,1,3
23,2022-11-21,23,OVEC,34.543575,2022,False,False,False,False,False,True,28.0,0.0,49,29.44434612053781,5.8,False,False,1,1.0,-2.4492935982947064e-16,1.0,-2.4492935982947064e-16,1,3
0,2022-11-21,0,PE,4372.3433,2022,False,False,False,False,False,True,25.4,0.0,47,30.42474155850978,5.0,False,False,1,1.0,0.0,1.0,-2.4492935982947064e-16,1,3
1,2022-11-21,1,PE,4255.626,2022,False,False,False,False,False,True,25.4,0.0,50,30.433600553431212,5.1,False,False,1,0.9629172873477994,0.2697967711570243,1.0,-2.4492935982947064e-16,1,3
2,2022-11-21,2,PE,4249.739,2022,False,False,False,False,False,True,25.2,0.0,53,30.445412546659792,3.8,False,False,1,0.8544194045464886,0.5195839500354336,1.0,-2.4492935982947064e-16,1,3
3,2022-11-21,3,PE,4372.0913,2022,False,False,False,False,False,True,24.0,0.0,58,30.454271541581225,2.7,False,False,1,0.6825531432186541,0.730835964278124,1.0,-2.4492935982947064e-16,1,3
4,2022-11-21,4,PE,4426.495,2022,False,False,False,False,False,True,24.6,0.0,56,30.46903653311695,2.5,False,False,1,0.46006503773115215,0.8878852184023752,1.0,-2.4492935982947064e-16,1,3
5,2022-11-21,5,PE,4708.4727,2022,False,False,False,False,False,True,24.4,0.0,55,30.48380152465267,2.4,False,False,1,0.20345601305263397,0.9790840876823228,1.0,-2.4492935982947064e-16,1,3
6,2022-11-21,6,PE,5003.8696,2022,False,False,False,False,False,True,24.4,0.0,60,30.48970752126696,2.3,False,False,1,-0.06824241336467089,0.9976687691905392,1.0,-2.4492935982947064e-16,1,3
7,2022-11-21,7,PE,5319.1465,2022,False,False,False,False,False,True,24.5,0.0,59,30.507425511109826,2.4,False,False,1,-0.33487961217098616,0.9422609221188205,1.0,-2.4492935982947064e-16,1,3
8,2022-11-21,8,PE,5384.862,2022,False,False,False,False,False,True,26.8,0.0,56,30.516284506031266,2.9,False,False,1,-0.576680322114867,0.8169698930104421,1.0,-2.4492935982947064e-16,1,3
9,2022-11-21,9,PE,5096.063,2022,False,False,False,False,False,True,32.0,0.0,44,30.516284506031266,3.8,False,False,1,-0.7757112907044197,0.631087944326053,1.0,-2.4492935982947064e-16,1,3
10,2022-11-21,10,PE,4864.5864,2022,False,False,False,False,False,True,35.7,0.0,36,30.504472512802682,3.4,False,False,1,-0.9172113015054528,0.3984010898462418,1.0,-2.4492935982947064e-16,1,3
11,2022-11-21,11,PE,4720.517,2022,False,False,False,False,False,True,38.8,0.0,28,30.471989531424096,4.2,False,False,1,-0.9906859460363308,0.13616664909624665,1.0,-2.4492935982947064e-16,1,3
12,2022-11-21,12,PE,4742.565,2022,False,False,False,False,False,True,41.1,0.0,24,30.427694556816927,6.1,False,False,1,-0.9906859460363308,-0.13616664909624643,1.0,-2.4492935982947064e-16,1,3
13,2022-11-21,13,PE,4764.528,2022,False,False,False,False,False,True,42.4,0.0,26,30.386352580516903,7.7,False,False,1,-0.9172113015054532,-0.3984010898462412,1.0,-2.4492935982947064e-16,1,3
14,2022-11-21,14,PE,4754.625,2022,False,False,False,False,False,True,43.4,0.0,25,30.356822597445458,8.4,False,False,1,-0.7757112907044198,-0.6310879443260529,1.0,-2.4492935982947064e-16,1,3
15,2022-11-21,15,PE,4698.635,2022,False,False,False,False,False,True,42.8,0.0,22,30.342057605909737,10.4,False,False,1,-0.5766803221148673,-0.8169698930104419,1.0,-2.4492935982947064e-16,1,3
16,2022-11-21,16,PE,4765.235,2022,False,False,False,False,False,True,41.9,0.0,28,30.327292614374013,9.5,False,False,1,-0.3348796121709864,-0.9422609221188204,1.0,-2.4492935982947064e-16,1,3
17,2022-11-21,17,PE,5216.422,2022,False,False,False,False,False,True,38.2,0.0,40,30.324339616066872,7.7,False,False,1,-0.06824241336467135,-0.9976687691905392,1.0,-2.4492935982947064e-16,1,3
18,2022-11-21,18,PE,5286.636,2022,False,False,False,False,False,True,36.2,0.0,51,30.324339616066872,6.1,False,False,1,0.20345601305263328,-0.979084087682323,1.0,-2.4492935982947064e-16,1,3
19,2022-11-21,19,PE,5134.333,2022,False,False,False,False,False,True,34.8,0.0,49,30.324339616066872,5.2,False,False,1,0.4600650377311516,-0.8878852184023756,1.0,-2.4492935982947064e-16,1,3
20,2022-11-21,20,PE,5043.6406,2022,False,False,False,False,False,True,34.5,0.0,66,30.321386617759725,4.9,False,False,1,0.6825531432186535,-0.7308359642781246,1.0,-2.4492935982947064e-16,1,3
21,2022-11-21,21,PE,4782.5127,2022,False,False,False,False,False,True,33.6,0.0,75,30.321386617759725,5.7,False,False,1,0.8544194045464886,-0.5195839500354336,1.0,-2.4492935982947064e-16,1,3
22,2022-11-21,22,PE,4501.6035,2022,False,False,False,False,False,True,33.2,0.0,78,30.330245612681153,5.1,False,False,1,0.9629172873477992,-0.2697967711570244,1.0,-2.4492935982947064e-16,1,3
23,2022-11-21,23,PE,4259.3447,2022,False,False,False,False,False,True,32.8,0.0,78,30.336151609295445,5.4,False,False,1,1.0,-2.4492935982947064e-16,1.0,-2.4492935982947064e-16,1,3
0,2022-11-21,0,PEP,3379.2495,2022,False,False,False,False,False,True,28.8,0.0,40,30.43655355173836,1.6,False,False,1,1.0,0.0,1.0,-2.4492935982947064e-16,1,3
1,2022-11-21,1,PEP,3372.0269,2022,False,False,False,False,False,True,27.6,0.0,48,30.445412546659792,0.7,False,False,1,0.9629172873477994,0.2697967711570243,1.0,-2.4492935982947064e-16,1,3
2,2022-11-21,2,PEP,3400.6157,2022,False,False,False,False,False,True,25.7,0.0,50,30.46903653311695,2.5,False,False,1,0.8544194045464886,0.5195839500354336,1.0,-2.4492935982947064e-16,1,3
3,2022-11-21,3,PEP,3578.497,2022,False,False,False,False,False,True,24.7,0.0,44,30.48084852634553,1.5,False,False,1,0.6825531432186541,0.730835964278124,1.0,-2.4492935982947064e-16,1,3
4,2022-11-21,4,PEP,3817.5835,2022,False,False,False,False,False,True,24.2,0.0,57,30.48675452295982,1.4,False,False,1,0.46006503773115215,0.8878852184023752,1.0,-2.4492935982947064e-16,1,3
5,2022-11-21,5,PEP,4032.6997,2022,False,False,False,False,False,True,23.9,0.0,62,30.48970752126696,1.2,False,False,1,0.20345601305263397,0.9790840876823228,1.0,-2.4492935982947064e-16,1,3
6,2022-11-21,6,PEP,4352.1475,2022,False,False,False,False,False,True,23.6,0.0,67,30.48380152465267,2.7,False,False,1,-0.06824241336467089,0.9976687691905392,1.0,-2.4492935982947064e-16,1,3
7,2022-11-21,7,PEP,4644.6523,2022,False,False,False,False,False,True,24.0,0.0,64,30.49561351788125,2.7,False,False,1,-0.33487961217098616,0.9422609221188205,1.0,-2.4492935982947064e-16,1,3
8,2022-11-21,8,PEP,4384.339,2022,False,False,False,False,False,True,27.3,0.0,62,30.504472512802682,1.8,False,False,1,-0.576680322114867,0.8169698930104421,1.0,-2.4492935982947064e-16,1,3
9,2022-11-21,9,PEP,4011.6724,2022,False,False,False,False,False,True,33.2,0.0,46,30.50151951449554,1.8,False,False,1,-0.7757112907044197,0.631087944326053,1.0,-2.4492935982947064e-16,1,3
10,2022-11-21,10,PEP,3673.0332,2022,False,False,False,False,False,True,37.2,0.0,37,30.48675452295982,5.7,False,False,1,-0.9172113015054528,0.3984010898462418,1.0,-2.4492935982947064e-16,1,3
11,2022-11-21,11,PEP,3517.9854,2022,False,False,False,False,False,True,40.6,0.0,32,30.454271541581225,6.4,False,False,1,-0.9906859460363308,0.13616664909624665,1.0,-2.4492935982947064e-16,1,3
12,2022-11-21,12,PEP,3408.2092,2022,False,False,False,False,False,True,43.7,0.0,30,30.40997656697406,6.7,False,False,1,-0.9906859460363308,-0.13616664909624643,1.0,-2.4492935982947064e-16,1,3
13,2022-11-21,13,PEP,3369.9924,2022,False,False,False,False,False,True,45.9,0.0,34,30.371587588981182,8.3,False,False,1,-0.9172113015054532,-0.3984010898462412,1.0,-2.4492935982947064e-16,1,3
14,2022-11-21,14,PEP,3338.4082,2022,False,False,False,False,False,True,47.5,0.0,34,30.342057605909737,9.6,False,False,1,-0.7757112907044198,-0.6310879443260529,1.0,-2.4492935982947064e-16,1,3
15,2022-11-21,15,PEP,3398.244,2022,False,False,False,False,False,True,47.7,0.0,36,30.324339616066872,9.7,False,False,1,-0.5766803221148673,-0.8169698930104419,1.0,-2.4492935982947064e-16,1,3
16,2022-11-21,16,PEP,3434.8303,2022,False,False,False,False,False,True,47.4,0.0,31,30.312527622838292,8.8,False,False,1,-0.3348796121709864,-0.9422609221188204,1.0,-2.4492935982947064e-16,1,3
17,2022-11-21,17,PEP,3708.231,2022,False,False,False,False,False,True,42.6,0.0,37,30.312527622838292,5.7,False,False,1,-0.06824241336467135,-0.9976687691905392,1.0,-2.4492935982947064e-16,1,3
18,2022-11-21,18,PEP,3761.2927,2022,False,False,False,False,False,True,39.4,0.0,42,30.315480621145433,5.1,False,False,1,0.20345601305263328,-0.979084087682323,1.0,-2.4492935982947064e-16,1,3
19,2022-11-21,19,PEP,3690.4556,2022,False,False,False,False,False,True,37.6,0.0,44,30.321386617759725,5.7,False,False,1,0.4600650377311516,-0.8878852184023756,1.0,-2.4492935982947064e-16,1,3
20,2022-11-21,20,PEP,3551.596,2022,False,False,False,False,False,True,36.6,0.0,46,30.327292614374013,5.8,False,False,1,0.6825531432186535,-0.7308359642781246,1.0,-2.4492935982947064e-16,1,3
21,2022-11-21,21,PEP,3557.953,2022,False,False,False,False,False,True,36.0,0.0,45,30.333198610988305,6.3,False,False,1,0.8544194045464886,-0.5195839500354336,1.0,-2.4492935982947064e-16,1,3
22,2022-11-21,22,PEP,3422.7578,2022,False,False,False,False,False,True,35.3,0.0,43,30.35091660083117,5.4,False,False,1,0.9629172873477992,-0.2697967711570244,1.0,-2.4492935982947064e-16,1,3
23,2022-11-21,23,PEP,3210.457,2022,False,False,False,False,False,True,34.2,0.0,46,30.359775595752602,6.2,False,False,1,1.0,-2.4492935982947064e-16,1.0,-2.4492935982947064e-16,1,3
0,2022-11-21,0,PL,4450.498,2022,False,False,False,False,False,True,27.9,0.0,54,29.79279992078086,10.0,False,False,1,1.0,0.0,1.0,-2.4492935982947064e-16,1,3
1,2022-11-21,1,PL,4515.822,2022,False,False,False,False,False,True,25.7,0.0,61,29.79870591739515,7.9,False,False,1,0.9629172873477994,0.2697967711570243,1.0,-2.4492935982947064e-16,1,3
2,2022-11-21,2,PL,4570.5176,2022,False,False,False,False,False,True,24.2,0.0,60,29.79870591739515,7.5,False,False,1,0.8544194045464886,0.5195839500354336,1.0,-2.4492935982947064e-16,1,3
3,2022-11-21,3,PL,4660.044,2022,False,False,False,False,False,True,23.7,0.0,67,29.79870591739515,3.8,False,False,1,0.6825531432186541,0.730835964278124,1.0,-2.4492935982947064e-16,1,3
4,2022-11-21,4,PL,4920.7686,2022,False,False,False,False,False,True,22.8,0.0,67,29.807564912316582,0.9,False,False,1,0.46006503773115215,0.8878852184023752,1.0,-2.4492935982947064e-16,1,3
5,2022-11-21,5,PL,5116.769,2022,False,False,False,False,False,True,22.2,0.0,55,29.81347090893087,3.6,False,False,1,0.20345601305263397,0.9790840876823228,1.0,-2.4492935982947064e-16,1,3
6,2022-11-21,6,PL,5502.0938,2022,False,False,False,False,False,True,21.1,0.0,53,29.825282902159447,4.5,False,False,1,-0.06824241336467089,0.9976687691905392,1.0,-2.4492935982947064e-16,1,3
7,2022-11-21,7,PL,5867.171,2022,False,False,False,False,False,True,20.5,0.0,55,29.837094895388027,3.5,False,False,1,-0.33487961217098616,0.9422609221188205,1.0,-2.4492935982947064e-16,1,3
8,2022-11-21,8,PL,5823.2944,2022,False,False,False,False,False,True,22.7,0.0,63,29.848906888616604,3.0,False,False,1,-0.576680322114867,0.8169698930104421,1.0,-2.4492935982947064e-16,1,3
9,2022-11-21,9,PL,5881.474,2022,False,False,False,False,False,True,27.1,0.0,51,29.843000892002316,4.9,False,False,1,-0.7757112907044197,0.631087944326053,1.0,-2.4492935982947064e-16,1,3
10,2022-11-21,10,PL,5636.678,2022,False,False,False,False,False,True,29.8,0.0,46,29.822329903852303,7.0,False,False,1,-0.9172113015054528,0.3984010898462418,1.0,-2.4492935982947064e-16,1,3
11,2022-11-21,11,PL,5531.2607,2022,False,False,False,False,False,True,32.8,0.0,43,29.789846922473714,8.5,False,False,1,-0.9906859460363308,0.13616664909624665,1.0,-2.4492935982947064e-16,1,3
12,2022-11-21,12,PL,5418.0835,2022,False,False,False,False,False,True,36.9,0.0,37,29.745551947866545,9.9,False,False,1,-0.9906859460363308,-0.13616664909624643,1.0,-2.4492935982947064e-16,1,3
13,2022-11-21,13,PL,5377.676,2022,False,False,False,False,False,True,39.0,0.0,33,29.698303974952236,10.4,False,False,1,-0.9172113015054532,-0.3984010898462412,1.0,-2.4492935982947064e-16,1,3
14,2022-11-21,14,PL,5170.6074,2022,False,False,False,False,False,True,40.9,0.0,31,29.665820993573647,10.6,False,False,1,-0.7757112907044198,-0.6310879443260529,1.0,-2.4492935982947064e-16,1,3
15,2022-11-21,15,PL,5159.337,2022,False,False,False,False,False,True,41.3,0.0,33,29.645150005423634,9.4,False,False,1,-0.5766803221148673,-0.8169698930104419,1.0,-2.4492935982947064e-16,1,3
16,2022-11-21,16,PL,5352.595,2022,False,False,False,False,False,True,39.4,0.0,41,29.633338012195058,6.8,False,False,1,-0.3348796121709864,-0.9422609221188204,1.0,-2.4492935982947064e-16,1,3
17,2022-11-21,17,PL,5478.4897,2022,False,False,False,False,False,True,35.8,0.0,47,29.633338012195058,6.9,False,False,1,-0.06824241336467135,-0.9976687691905392,1.0,-2.4492935982947064e-16,1,3
18,2022-11-21,18,PL,5498.3994,2022,False,False,False,False,False,True,34.8,0.0,51,29.642197007116486,8.0,False,False,1,0.20345601305263328,-0.979084087682323,1.0,-2.4492935982947064e-16,1,3
19,2022-11-21,19,PL,5542.1323,2022,False,False,False,False,False,True,34.1,0.0,51,29.651056002037922,6.2,False,False,1,0.4600650377311516,-0.8878852184023756,1.0,-2.4492935982947064e-16,1,3
20,2022-11-21,20,PL,5327.502,2022,False,False,False,False,False,True,34.7,0.0,51,29.665820993573647,4.9,False,False,1,0.6825531432186535,-0.7308359642781246,1.0,-2.4492935982947064e-16,1,3
21,2022-11-21,21,PL,5109.3223,2022,False,False,False,False,False,True,34.7,0.0,53,29.683538983416515,2.8,False,False,1,0.8544194045464886,-0.5195839500354336,1.0,-2.4492935982947064e-16,1,3
22,2022-11-21,22,PL,4838.7114,2022,False,False,False,False,False,True,34.7,0.0,55,29.698303974952236,3.6,False,False,1,0.9629172873477992,-0.2697967711570244,1.0,-2.4492935982947064e-16,1,3
23,2022-11-21,23,PL,4589.289,2022,False,False,False,False,False,True,34.2,0.0,57,29.704209971566524,4.1,False,False,1,1.0,-2.4492935982947064e-16,1.0,-2.4492935982947064e-16,1,3
0,2022-11-21,0,PN,1931.9464,2022,False,False,False,False,False,True,20.5,0.0,56,29.547701061287867,12.8,False,False,1,1.0,0.0,1.0,-2.4492935982947064e-16,1,3
1,2022-11-21,1,PN,1947.9653,2022,False,False,False,False,False,True,20.1,0.0,55,29.541795064673575,14.1,False,False,1,0.9629172873477994,0.2697967711570243,1.0,-2.4492935982947064e-16,1,3
2,2022-11-21,2,PN,1918.508,2022,False,False,False,False,False,True,20.1,0.0,54,29.529983071445,12.8,False,False,1,0.8544194045464886,0.5195839500354336,1.0,-2.4492935982947064e-16,1,3
3,2022-11-21,3,PN,1978.3313,2022,False,False,False,False,False,True,20.3,0.0,51,29.521124076523567,14.1,False,False,1,0.6825531432186541,0.730835964278124,1.0,-2.4492935982947064e-16,1,3
4,2022-11-21,4,PN,2022.467,2022,False,False,False,False,False,True,20.3,0.0,50,29.503406086680698,15.0,False,False,1,0.46006503773115215,0.8878852184023752,1.0,-2.4492935982947064e-16,1,3
5,2022-11-21,5,PN,2164.2551,2022,False,False,False,False,False,True,21.1,0.0,43,29.482735098530686,16.3,False,False,1,0.20345601305263397,0.9790840876823228,1.0,-2.4492935982947064e-16,1,3
6,2022-11-21,6,PN,2359.923,2022,False,False,False,False,False,True,21.7,0.0,42,29.473876103609253,18.1,False,False,1,-0.06824241336467089,0.9976687691905392,1.0,-2.4492935982947064e-16,1,3
7,2022-11-21,7,PN,2530.9294,2022,False,False,False,False,False,True,22.3,0.0,44,29.456158113766385,20.0,False,False,1,-0.33487961217098616,0.9422609221188205,1.0,-2.4492935982947064e-16,1,3
8,2022-11-21,8,PN,2600.171,2022,False,False,False,False,False,True,23.8,0.0,41,29.456158113766385,20.4,False,False,1,-0.576680322114867,0.8169698930104421,1.0,-2.4492935982947064e-16,1,3
9,2022-11-21,9,PN,2478.2268,2022,False,False,False,False,False,True,26.8,0.0,41,29.45320511545924,20.8,False,False,1,-0.7757112907044197,0.631087944326053,1.0,-2.4492935982947064e-16,1,3
10,2022-11-21,10,PN,2532.9639,2022,False,False,False,False,False,True,30.0,0.0,41,29.429581129002088,22.2,False,False,1,-0.9172113015054528,0.3984010898462418,1.0,-2.4492935982947064e-16,1,3
11,2022-11-21,11,PN,2493.8628,2022,False,False,False,False,False,True,33.2,0.0,38,29.397098147623495,22.7,False,False,1,-0.9906859460363308,0.13616664909624665,1.0,-2.4492935982947064e-16,1,3
12,2022-11-21,12,PN,2411.0645,2022,False,False,False,False,False,True,33.7,0.0,37,29.361662167937762,21.7,False,False,1,-0.9906859460363308,-0.13616664909624643,1.0,-2.4492935982947064e-16,1,3
13,2022-11-21,13,PN,2424.7507,2022,False,False,False,False,False,True,36.0,0.0,35,29.33508518317346,22.2,False,False,1,-0.9172113015054532,-0.3984010898462412,1.0,-2.4492935982947064e-16,1,3
14,2022-11-21,14,PN,2377.774,2022,False,False,False,False,False,True,36.3,0.0,37,29.317367193330593,21.4,False,False,1,-0.7757112907044198,-0.6310879443260529,1.0,-2.4492935982947064e-16,1,3
15,2022-11-21,15,PN,2334.6016,2022,False,False,False,False,False,True,36.4,0.0,44,29.320320191637737,19.3,False,False,1,-0.5766803221148673,-0.8169698930104419,1.0,-2.4492935982947064e-16,1,3
16,2022-11-21,16,PN,2279.5781,2022,False,False,False,False,False,True,35.6,0.0,46,29.32622618825203,17.0,False,False,1,-0.3348796121709864,-0.9422609221188204,1.0,-2.4492935982947064e-16,1,3
17,2022-11-21,17,PN,2335.7288,2022,False,False,False,False,False,True,34.2,0.0,51,29.35280317301633,14.0,False,False,1,-0.06824241336467135,-0.9976687691905392,1.0,-2.4492935982947064e-16,1,3
18,2022-11-21,18,PN,2373.067,2022,False,False,False,False,False,True,33.9,0.0,49,29.38528615439492,15.0,False,False,1,0.20345601305263328,-0.979084087682323,1.0,-2.4492935982947064e-16,1,3
19,2022-11-21,19,PN,2403.4348,2022,False,False,False,False,False,True,33.3,0.0,51,29.414816137466364,13.8,False,False,1,0.4600650377311516,-0.8878852184023756,1.0,-2.4492935982947064e-16,1,3
20,2022-11-21,20,PN,2254.6245,2022,False,False,False,False,False,True,32.5,0.0,58,29.441393122230664,11.9,False,False,1,0.6825531432186535,-0.7308359642781246,1.0,-2.4492935982947064e-16,1,3
21,2022-11-21,21,PN,2153.4453,2022,False,False,False,False,False,True,35.4,0.0,66,29.456158113766385,15.9,False,False,1,0.8544194045464886,-0.5195839500354336,1.0,-2.4492935982947064e-16,1,3
22,2022-11-21,22,PN,2062.3604,2022,False,False,False,False,False,True,35.1,0.0,67,29.473876103609253,17.6,False,False,1,0.9629172873477992,-0.2697967711570244,1.0,-2.4492935982947064e-16,1,3
23,2022-11-21,23,PN,1945.4193,2022,False,False,False,False,False,True,34.7,0.0,68,29.48568809683783,14.6,False,False,1,1.0,-2.4492935982947064e-16,1.0,-2.4492935982947064e-16,1,3
0,2022-11-21,0,PS,4344.682,2022,False,False,False,False,False,True,29.3,0.0,44,30.368634590674038,6.4,False,False,1,1.0,0.0,1.0,-2.4492935982947064e-16,1,3
1,2022-11-21,1,PS,4241.696,2022,False,False,False,False,False,True,29.0,0.0,45,30.380446583902614,6.8,False,False,1,0.9629172873477994,0.2697967711570243,1.0,-2.4492935982947064e-16,1,3
2,2022-11-21,2,PS,4186.3076,2022,False,False,False,False,False,True,28.3,0.0,48,30.392258577131194,5.0,False,False,1,0.8544194045464886,0.5195839500354336,1.0,-2.4492935982947064e-16,1,3
3,2022-11-21,3,PS,4241.6973,2022,False,False,False,False,False,True,26.4,0.0,52,30.404070570359767,4.8,False,False,1,0.6825531432186541,0.730835964278124,1.0,-2.4492935982947064e-16,1,3
4,2022-11-21,4,PS,4305.7627,2022,False,False,False,False,False,True,24.8,0.0,57,30.42474155850978,4.5,False,False,1,0.46006503773115215,0.8878852184023752,1.0,-2.4492935982947064e-16,1,3
5,2022-11-21,5,PS,4606.5957,2022,False,False,False,False,False,True,24.1,0.0,56,30.43655355173836,4.5,False,False,1,0.20345601305263397,0.9790840876823228,1.0,-2.4492935982947064e-16,1,3
6,2022-11-21,6,PS,4969.2153,2022,False,False,False,False,False,True,24.2,0.0,58,30.451318543274084,4.5,False,False,1,-0.06824241336467089,0.9976687691905392,1.0,-2.4492935982947064e-16,1,3
7,2022-11-21,7,PS,5191.584,2022,False,False,False,False,False,True,24.8,0.0,57,30.471989531424096,4.7,False,False,1,-0.33487961217098616,0.9422609221188205,1.0,-2.4492935982947064e-16,1,3
8,2022-11-21,8,PS,5273.412,2022,False,False,False,False,False,True,26.4,0.0,58,30.48970752126696,6.0,False,False,1,-0.576680322114867,0.8169698930104421,1.0,-2.4492935982947064e-16,1,3
9,2022-11-21,9,PS,5205.633,2022,False,False,False,False,False,True,29.8,0.0,49,30.48675452295982,6.5,False,False,1,-0.7757112907044197,0.631087944326053,1.0,-2.4492935982947064e-16,1,3
10,2022-11-21,10,PS,5161.166,2022,False,False,False,False,False,True,33.0,0.0,42,30.46903653311695,5.9,False,False,1,-0.9172113015054528,0.3984010898462418,1.0,-2.4492935982947064e-16,1,3
11,2022-11-21,11,PS,5052.821,2022,False,False,False,False,False,True,35.7,0.0,40,30.445412546659792,7.3,False,False,1,-0.9906859460363308,0.13616664909624665,1.0,-2.4492935982947064e-16,1,3
12,2022-11-21,12,PS,4958.7896,2022,False,False,False,False,False,True,37.7,0.0,36,30.398164573745483,8.4,False,False,1,-0.9906859460363308,-0.13616664909624643,1.0,-2.4492935982947064e-16,1,3
13,2022-11-21,13,PS,4927.2017,2022,False,False,False,False,False,True,39.9,0.0,31,30.35091660083117,9.6,False,False,1,-0.9172113015054532,-0.3984010898462412,1.0,-2.4492935982947064e-16,1,3
14,2022-11-21,14,PS,4919.6904,2022,False,False,False,False,False,True,40.8,0.0,29,30.31843361945258,9.2,False,False,1,-0.7757112907044198,-0.6310879443260529,1.0,-2.4492935982947064e-16,1,3
15,2022-11-21,15,PS,4928.2085,2022,False,False,False,False,False,True,41.0,0.0,25,30.30366862791686,9.9,False,False,1,-0.5766803221148673,-0.8169698930104419,1.0,-2.4492935982947064e-16,1,3
16,2022-11-21,16,PS,5208.8604,2022,False,False,False,False,False,True,39.9,0.0,26,30.288903636381136,8.2,False,False,1,-0.3348796121709864,-0.9422609221188204,1.0,-2.4492935982947064e-16,1,3
17,2022-11-21,17,PS,5705.905,2022,False,False,False,False,False,True,36.0,0.0,31,30.285950638073988,5.2,False,False,1,-0.06824241336467135,-0.9976687691905392,1.0,-2.4492935982947064e-16,1,3
18,2022-11-21,18,PS,5610.1626,2022,False,False,False,False,False,True,34.5,0.0,34,30.285950638073988,7.3,False,False,1,0.20345601305263328,-0.979084087682323,1.0,-2.4492935982947064e-16,1,3
19,2022-11-21,19,PS,5568.161,2022,False,False,False,False,False,True,33.7,0.0,40,30.280044641459703,7.8,False,False,1,0.4600650377311516,-0.8878852184023756,1.0,-2.4492935982947064e-16,1,3
20,2022-11-21,20,PS,5388.831,2022,False,False,False,False,False,True,33.2,0.0,47,30.274138644845415,8.0,False,False,1,0.6825531432186535,-0.7308359642781246,1.0,-2.4492935982947064e-16,1,3
21,2022-11-21,21,PS,5141.722,2022,False,False,False,False,False,True,32.6,0.0,54,30.265279649923983,7.1,False,False,1,0.8544194045464886,-0.5195839500354336,1.0,-2.4492935982947064e-16,1,3
22,2022-11-21,22,PS,4955.134,2022,False,False,False,False,False,True,33.1,0.0,59,30.271185646538264,6.9,False,False,1,0.9629172873477992,-0.2697967711570244,1.0,-2.4492935982947064e-16,1,3
23,2022-11-21,23,PS,4656.195,2022,False,False,False,False,False,True,32.3,0.0,68,30.274138644845415,5.6,False,False,1,1.0,-2.4492935982947064e-16,1.0,-2.4492935982947064e-16,1,3
0,2022-11-21,0,RECO,133.91989,2022,False,False,False,False,False,True,26.6,0.0,43,30.1471597176382,8.0,False,False,1,1.0,0.0,1.0,-2.4492935982947064e-16,1,3
1,2022-11-21,1,RECO,132.28648,2022,False,False,False,False,False,True,25.3,0.0,46,30.156018712559632,6.3,False,False,1,0.9629172873477994,0.2697967711570243,1.0,-2.4492935982947064e-16,1,3
2,2022-11-21,2,RECO,129.72653,2022,False,False,False,False,False,True,24.4,0.0,50,30.170783704095356,4.4,False,False,1,0.8544194045464886,0.5195839500354336,1.0,-2.4492935982947064e-16,1,3
3,2022-11-21,3,RECO,131.10544,2022,False,False,False,False,False,True,24.1,0.0,52,30.17964269901679,4.6,False,False,1,0.6825531432186541,0.730835964278124,1.0,-2.4492935982947064e-16,1,3
4,2022-11-21,4,RECO,133.1651,2022,False,False,False,False,False,True,24.1,0.0,55,30.2003136871668,4.5,False,False,1,0.46006503773115215,0.8878852184023752,1.0,-2.4492935982947064e-16,1,3
5,2022-11-21,5,RECO,139.50435,2022,False,False,False,False,False,True,23.7,0.0,57,30.212125680395378,4.3,False,False,1,0.20345601305263397,0.9790840876823228,1.0,-2.4492935982947064e-16,1,3
6,2022-11-21,6,RECO,150.2701,2022,False,False,False,False,False,True,23.9,0.0,54,30.229843670238246,5.9,False,False,1,-0.06824241336467089,0.9976687691905392,1.0,-2.4492935982947064e-16,1,3
7,2022-11-21,7,RECO,161.04706,2022,False,False,False,False,False,True,24.7,0.0,54,30.24756166008111,6.2,False,False,1,-0.33487961217098616,0.9422609221188205,1.0,-2.4492935982947064e-16,1,3
8,2022-11-21,8,RECO,166.14763,2022,False,False,False,False,False,True,26.6,0.0,57,30.265279649923983,7.3,False,False,1,-0.576680322114867,0.8169698930104421,1.0,-2.4492935982947064e-16,1,3
9,2022-11-21,9,RECO,172.26605,2022,False,False,False,False,False,True,29.4,0.0,49,30.26232665161683,7.3,False,False,1,-0.7757112907044197,0.631087944326053,1.0,-2.4492935982947064e-16,1,3
10,2022-11-21,10,RECO,168.954,2022,False,False,False,False,False,True,32.2,0.0,44,30.23870266515968,6.6,False,False,1,-0.9172113015054528,0.3984010898462418,1.0,-2.4492935982947064e-16,1,3
11,2022-11-21,11,RECO,164.13219,2022,False,False,False,False,False,True,35.4,0.0,41,30.218031677009666,9.1,False,False,1,-0.9906859460363308,0.13616664909624665,1.0,-2.4492935982947064e-16,1,3
12,2022-11-21,12,RECO,161.23228,2022,False,False,False,False,False,True,37.1,0.0,38,30.170783704095356,9.4,False,False,1,-0.9906859460363308,-0.13616664909624643,1.0,-2.4492935982947064e-16,1,3
13,2022-11-21,13,RECO,157.91838,2022,False,False,False,False,False,True,39.1,0.0,32,30.123535731181043,11.0,False,False,1,-0.9172113015054532,-0.3984010898462412,1.0,-2.4492935982947064e-16,1,3
14,2022-11-21,14,RECO,156.79253,2022,False,False,False,False,False,True,40.0,0.0,29,30.091052749802454,10.4,False,False,1,-0.7757112907044198,-0.6310879443260529,1.0,-2.4492935982947064e-16,1,3
15,2022-11-21,15,RECO,155.67924,2022,False,False,False,False,False,True,40.0,0.0,27,30.07628775826673,10.8,False,False,1,-0.5766803221148673,-0.8169698930104419,1.0,-2.4492935982947064e-16,1,3
16,2022-11-21,16,RECO,169.1638,2022,False,False,False,False,False,True,39.0,0.0,29,30.06152276673101,9.8,False,False,1,-0.3348796121709864,-0.9422609221188204,1.0,-2.4492935982947064e-16,1,3
17,2022-11-21,17,RECO,186.81769,2022,False,False,False,False,False,True,36.3,0.0,30,30.05856976842386,8.6,False,False,1,-0.06824241336467135,-0.9976687691905392,1.0,-2.4492935982947064e-16,1,3
18,2022-11-21,18,RECO,187.03722,2022,False,False,False,False,False,True,35.7,0.0,32,30.06152276673101,11.9,False,False,1,0.20345601305263328,-0.979084087682323,1.0,-2.4492935982947064e-16,1,3
19,2022-11-21,19,RECO,180.14023,2022,False,False,False,False,False,True,35.5,0.0,34,30.055616770116718,13.3,False,False,1,0.4600650377311516,-0.8878852184023756,1.0,-2.4492935982947064e-16,1,3
20,2022-11-21,20,RECO,175.22333,2022,False,False,False,False,False,True,34.6,0.0,42,30.04380477688814,13.5,False,False,1,0.6825531432186535,-0.7308359642781246,1.0,-2.4492935982947064e-16,1,3
21,2022-11-21,21,RECO,166.08972,2022,False,False,False,False,False,True,34.4,0.0,47,30.037898780273853,12.5,False,False,1,0.8544194045464886,-0.5195839500354336,1.0,-2.4492935982947064e-16,1,3
22,2022-11-21,22,RECO,150.25099,2022,False,False,False,False,False,True,34.1,0.0,55,30.04971077350243,11.2,False,False,1,0.9629172873477992,-0.2697967711570244,1.0,-2.4492935982947064e-16,1,3
23,2022-11-21,23,RECO,140.81476,2022,False,False,False,False,False,True,33.7,0.0,62,30.052663771809577,10.2,False,False,1,1.0,-2.4492935982947064e-16,1.0,-2.4492935982947064e-16,1,3
